round,version,operation,qps,p50_ms,p99_ms,p999_ms,requests,set_changed_fraction,final_cardinality_min,final_cardinality_max,seed_remaining_backlog_bytes,commit_queue_peak_before,commit_queue_peak_after,raw_directory
1,main,LPUSH_RPOP,45677.5670941,3.825119,31.5336,38.705676,1371240,,8125,9439,0,125,1710,lavik-main1dd8a5b3-pr291full-list-8388608-lpush_rpop-r1-20261008
1,pr291,LPUSH_RPOP,46472.8270388,3.830359,30.930188,41.94781,1394578,,8151,9419,8372224,58,1845,lavik-pr29174ba1d1e-pr291full-list-8388608-lpush_rpop-r1-20261008
1,main,RPUSH_LPOP,57302.0620859,4.047853,21.134277,29.90207,1719890,,7976,9667,0,72,2314,lavik-main1dd8a5b3-pr291full-list-8388608-rpush_lpop-r1-20261008
1,pr291,RPUSH_LPOP,62658.3845899,1.535496,45.029428,105.644722,1880178,,7789,9515,0,70,3284,lavik-pr29174ba1d1e-pr291full-list-8388608-rpush_lpop-r1-20261008
1,main,LSET_RESIZE,30372.9162365,6.655663,65.482339,113.034561,912819,,8192,8192,0,25,2712,lavik-main1dd8a5b3-pr291full-list-8388608-lset_resize-r1-20261008
1,pr291,LSET_RESIZE,45728.1962662,2.486837,104.033597,165.767682,1374408,,8192,8192,0,33,7359,lavik-pr29174ba1d1e-pr291full-list-8388608-lset_resize-r1-20261008
1,main,ZINCRBY,51809.7855211,3.443209,27.262468,38.309177,1554683,,8192,8192,8380416,3,2732,lavik-main1dd8a5b3-pr291full-zset-8388608-zincrby-r1-20261008
1,pr291,ZINCRBY,52368.092633,3.355933,27.810406,34.133159,1571302,,8192,8192,0,5,1678,lavik-pr29174ba1d1e-pr291full-zset-8388608-zincrby-r1-20261008
1,main,ZADD_MIDDLE_ZPOPMIN,23838.522014,8.774395,53.292208,73.274391,715576,,7842,9188,16760832,4,43,lavik-main1dd8a5b3-pr291full-zset-8388608-zadd_middle_zpopmin-r1-20261008
1,pr291,ZADD_MIDDLE_ZPOPMIN,23712.8996676,8.986608,54.273493,63.810918,712150,,7881,9188,8376320,5,39,lavik-pr29174ba1d1e-pr291full-zset-8388608-zadd_middle_zpopmin-r1-20261008
1,main,HSET,31953.6017269,0.967667,228.067425,389.614709,961041,,8192,8192,0,18,12296,lavik-main1dd8a5b3-pr291full-hash-8388608-hset-r1-20261008
1,pr291,HSET,33586.9805072,0.918428,177.860409,393.305428,1008688,,8192,8192,8380416,19,10381,lavik-pr29174ba1d1e-pr291full-hash-8388608-hset-r1-20261008
1,main,SADD_SREM,50490.9567956,5.256561,22.965451,30.095929,1515547,0.500697767868631,8150,8321,0,12,208,lavik-main1dd8a5b3-pr291full-set-8388608-sadd_srem-r1-20261008
1,pr291,SADD_SREM,50753.1605604,5.046926,23.748842,30.15837,1523315,0.5006187164178124,8125,8281,0,13,200,lavik-pr29174ba1d1e-pr291full-set-8388608-sadd_srem-r1-20261008
2,pr291,LPUSH_RPOP,46435.9395386,3.862506,30.644112,39.003607,1393645,,7604,8985,0,54,3031,lavik-pr29174ba1d1e-pr291full-list-8388608-lpush_rpop-r2-20261008
2,main,LPUSH_RPOP,46267.5490497,4.069806,29.882982,38.536679,1389002,,7590,9010,0,63,1535,lavik-main1dd8a5b3-pr291full-list-8388608-lpush_rpop-r2-20261008
2,pr291,RPUSH_LPOP,62980.7689014,1.48859,44.351784,99.678061,1891138,,7533,9216,0,19,3691,lavik-pr29174ba1d1e-pr291full-list-8388608-rpush_lpop-r2-20261008
2,main,RPUSH_LPOP,57817.646419,3.817577,21.708119,30.759407,1735289,,7672,9221,0,19,820,lavik-main1dd8a5b3-pr291full-list-8388608-rpush_lpop-r2-20261008
2,pr291,LSET_RESIZE,46741.6293884,2.492033,86.886783,159.683712,1402698,,8192,8192,0,45,7670,lavik-pr29174ba1d1e-pr291full-list-8388608-lset_resize-r2-20261008
2,main,LSET_RESIZE,40400.011886,3.264571,31.718459,35.014029,1212789,,8192,8192,0,54,58,lavik-main1dd8a5b3-pr291full-list-8388608-lset_resize-r2-20261008
2,pr291,ZINCRBY,52996.6480704,3.53351,26.740129,33.799269,1591479,,8192,8192,0,8,1791,lavik-pr29174ba1d1e-pr291full-zset-8388608-zincrby-r2-20261008
2,main,ZINCRBY,51927.4357135,3.446298,27.216278,34.204472,1558153,,8192,8192,0,4,2020,lavik-main1dd8a5b3-pr291full-zset-8388608-zincrby-r2-20261008
2,pr291,ZADD_MIDDLE_ZPOPMIN,23995.5449194,9.88497,47.459086,62.016192,720408,,7911,8816,0,3,147,lavik-pr29174ba1d1e-pr291full-zset-8388608-zadd_middle_zpopmin-r2-20261008
2,main,ZADD_MIDDLE_ZPOPMIN,23827.155708,8.531346,54.20937,64.952526,715376,,7930,8807,0,4,177,lavik-main1dd8a5b3-pr291full-zset-8388608-zadd_middle_zpopmin-r2-20261008
2,pr291,HSET,31355.6469193,0.944252,232.875265,397.024863,944484,,8192,8192,0,9,13776,lavik-pr29174ba1d1e-pr291full-hash-8388608-hset-r2-20261008
2,main,HSET,29338.7782207,0.921618,224.184176,426.381597,884830,,8192,8192,0,11,13346,lavik-main1dd8a5b3-pr291full-hash-8388608-hset-r2-20261008
2,pr291,SADD_SREM,50534.7646272,4.940757,24.029023,32.760024,1517285,0.4999126729651977,8131,8272,0,13,188,lavik-pr29174ba1d1e-pr291full-set-8388608-sadd_srem-r2-20261008
2,main,SADD_SREM,50637.3981425,5.245985,23.127721,29.52682,1519844,0.5001177752453542,8160,8250,0,10,129,lavik-main1dd8a5b3-pr291full-set-8388608-sadd_srem-r2-20261008
3,main,LPUSH_RPOP,45955.8844459,3.997373,30.160958,38.198317,1379409,,7707,8301,0,23,1600,lavik-main1dd8a5b3-pr291full-list-8388608-lpush_rpop-r3-20261008
3,pr291,LPUSH_RPOP,46251.0923215,3.836898,31.889116,40.310563,1388393,,7619,8454,0,42,2638,lavik-pr29174ba1d1e-pr291full-list-8388608-lpush_rpop-r3-20261008
3,main,RPUSH_LPOP,56803.0508538,4.059451,21.5383,44.605908,1705001,,7544,8417,0,25,1088,lavik-main1dd8a5b3-pr291full-list-8388608-rpush_lpop-r3-20261008
3,pr291,RPUSH_LPOP,64461.4174402,1.487285,40.444691,80.555422,1934334,,7465,8534,0,25,4985,lavik-pr29174ba1d1e-pr291full-list-8388608-rpush_lpop-r3-20261008
3,main,LSET_RESIZE,39513.415329,5.560645,28.806435,32.783908,1186331,,8192,8192,0,27,366,lavik-main1dd8a5b3-pr291full-list-8388608-lset_resize-r3-20261008
3,pr291,LSET_RESIZE,47738.9379612,2.490981,78.548709,174.314751,1434076,,8192,8192,0,37,6151,lavik-pr29174ba1d1e-pr291full-list-8388608-lset_resize-r3-20261008
3,main,ZINCRBY,51802.5753339,3.535196,28.133391,37.317281,1554789,,8192,8192,8380416,7,1887,lavik-main1dd8a5b3-pr291full-zset-8388608-zincrby-r3-20261008
3,pr291,ZINCRBY,52534.1927949,3.528145,27.17572,36.609751,1576493,,8192,8192,16760832,5,2125,lavik-pr29174ba1d1e-pr291full-zset-8388608-zincrby-r3-20261008
3,main,ZADD_MIDDLE_ZPOPMIN,23717.5125865,8.757134,54.823873,67.655104,712172,,7658,8483,8380416,5,57,lavik-main1dd8a5b3-pr291full-zset-8388608-zadd_middle_zpopmin-r3-20261008
3,pr291,ZADD_MIDDLE_ZPOPMIN,23983.2062413,9.176572,50.915047,68.516444,720336,,7662,8514,8380416,5,42,lavik-pr29174ba1d1e-pr291full-zset-8388608-zadd_middle_zpopmin-r3-20261008
3,main,HSET,33771.9177736,1.000604,176.677724,410.418807,1013623,,8192,8192,0,13,11488,lavik-main1dd8a5b3-pr291full-hash-8388608-hset-r3-20261008
3,pr291,HSET,33379.4572664,0.910972,157.884353,380.624924,1003151,,8192,8192,0,10,9915,lavik-pr29174ba1d1e-pr291full-hash-8388608-hset-r3-20261008
3,main,SADD_SREM,50348.4916974,5.095269,23.189574,29.08543,1510953,0.5003008035326049,8116,8289,0,9,211,lavik-main1dd8a5b3-pr291full-set-8388608-sadd_srem-r3-20261008
3,pr291,SADD_SREM,50655.677832,5.00579,23.84127,31.128876,1520725,0.5002508671850597,8149,8297,0,9,204,lavik-pr29174ba1d1e-pr291full-set-8388608-sadd_srem-r3-20261008
