size_bytes,operation,connections,product,qps,p99_ms,source
2048,GET,80,Lavik,322680.4,0.359,lavik-baseline
2048,GET,80,Redis,361242.52,0.407,redis
2048,GET,80,Valkey,428827.88,0.351,valkey
2048,GET,320,Lavik,643559.18,1.415,lavik-baseline
2048,GET,320,Redis,615924.35,1.295,redis
2048,GET,320,Valkey,615425.29,1.327,valkey
2048,GET,640,Lavik,714794.97,3.855,lavik-baseline
2048,GET,640,Redis,697281.07,3.359,redis
2048,GET,640,Valkey,680529.46,3.695,valkey
2048,GET,1280,Lavik,674469.39,13.951,lavik-baseline
2048,GET,1280,Redis,792114.4,4.863,redis
2048,GET,1280,Valkey,666406.66,4.479,valkey
2048,GET,2560,Lavik,635193.32,38.655,lavik-high
2048,GET,2560,Redis,817213.32,6.847,redis
2048,GET,2560,Valkey,771091.45,8.319,valkey-high2k
2048,GET,5120,Lavik,579825.99,82.943,lavik-high
2048,GET,5120,Redis,688365.33,19.199,redis
2048,GET,5120,Valkey,583369.26,19.583,valkey-high2k
2048,SET,80,Lavik,395446.79,1.087,lavik-baseline
2048,SET,80,Redis,390367.57,0.383,redis
2048,SET,80,Valkey,457613.21,0.319,valkey
2048,SET,320,Lavik,550107.35,2.671,lavik-baseline
2048,SET,320,Redis,625400.88,1.119,redis
2048,SET,320,Valkey,518434.69,1.095,valkey
2048,SET,640,Lavik,566235.52,3.807,lavik-baseline
2048,SET,640,Redis,689949.37,3.103,redis
2048,SET,640,Valkey,597028.67,2.703,valkey
2048,SET,1280,Lavik,531754.31,6.303,lavik-baseline
2048,SET,1280,Redis,716114.9,5.055,redis
2048,SET,1280,Valkey,538916.67,5.695,valkey
2048,SET,2560,Lavik,456925.94,13.055,lavik-high
2048,SET,2560,Redis,652942.58,8.511,redis
2048,SET,2560,Valkey,573899.23,11.775,valkey-high2k
2048,SET,5120,Lavik,404797.02,26.111,lavik-high
2048,SET,5120,Redis,524795.17,21.759,redis
2048,SET,5120,Valkey,422485.2,27.263,valkey-high2k
4096,GET,80,Lavik,306636.09,0.383,lavik-baseline
4096,GET,80,Redis,349163.17,0.423,redis
4096,GET,80,Valkey,396109.72,0.399,valkey
4096,GET,320,Lavik,579115.87,2.159,lavik-baseline
4096,GET,320,Redis,556127.36,1.983,redis
4096,GET,320,Valkey,589933.5,2.751,valkey
4096,GET,640,Lavik,664622.44,3.999,lavik-baseline
4096,GET,640,Redis,625369.5,4.095,redis
4096,GET,640,Valkey,591949.53,4.127,valkey
4096,GET,1280,Lavik,611565.65,14.911,lavik-baseline
4096,GET,1280,Redis,697155.27,4.831,redis
4096,GET,1280,Valkey,633282.48,5.599,valkey
4096,GET,2560,Lavik,582385.35,37.119,lavik-high
4096,GET,2560,Redis,682737.61,5.823,redis
4096,GET,2560,Valkey,603452.68,11.135,valkey
4096,GET,5120,Lavik,499409.74,57.855,lavik-high
4096,GET,5120,Redis,611996.17,22.655,redis
4096,GET,5120,Valkey,492349.81,25.215,valkey
4096,SET,80,Lavik,366877.58,1.063,lavik-baseline
4096,SET,80,Redis,376103.74,0.391,redis
4096,SET,80,Valkey,422569.69,0.335,valkey
4096,SET,320,Lavik,486084.68,2.207,lavik-baseline
4096,SET,320,Redis,596194.31,1.151,redis
4096,SET,320,Valkey,501565.59,1.103,valkey
4096,SET,640,Lavik,480404.01,3.279,lavik-baseline
4096,SET,640,Redis,645716.48,2.943,redis
4096,SET,640,Valkey,528461.56,2.463,valkey
4096,SET,1280,Lavik,439790.71,24.319,lavik-baseline
4096,SET,1280,Redis,651433.44,4.895,redis
4096,SET,1280,Valkey,528207.67,5.503,valkey
4096,SET,2560,Lavik,404807.81,87.551,lavik-high
4096,SET,2560,Redis,584971.55,9.215,redis
4096,SET,2560,Valkey,479506.72,12.351,valkey
4096,SET,5120,Lavik,377557.24,215.039,lavik-high
4096,SET,5120,Redis,489931.21,24.447,redis
4096,SET,5120,Valkey,387187.74,28.671,valkey
8192,GET,80,Lavik,291041.27,0.415,lavik-baseline
8192,GET,80,Redis,321986.85,0.479,redis
8192,GET,80,Valkey,364294.07,0.527,valkey
8192,GET,320,Lavik,363858.42,3.855,lavik-baseline
8192,GET,320,Redis,364036.8,3.919,redis
8192,GET,320,Valkey,364187.72,3.727,valkey
8192,GET,640,Lavik,363477.02,6.111,lavik-baseline
8192,GET,640,Redis,363340.22,6.463,redis
8192,GET,640,Valkey,363748.4,5.503,valkey
8192,GET,1280,Lavik,362538.83,8.191,lavik-baseline
8192,GET,1280,Redis,362213.85,8.575,redis
8192,GET,1280,Valkey,362406.29,8.255,valkey
8192,SET,80,Lavik,338732.46,0.879,lavik-baseline
8192,SET,80,Redis,356263.38,0.415,redis
8192,SET,80,Valkey,378322.97,0.375,valkey
8192,SET,320,Lavik,399729.11,1.871,lavik-baseline
8192,SET,320,Redis,373102.1,1.399,redis
8192,SET,320,Valkey,378523.59,1.399,valkey
8192,SET,640,Lavik,356026.22,16.127,lavik-baseline
8192,SET,640,Redis,373136.06,2.447,redis
8192,SET,640,Valkey,379734.27,2.703,valkey
8192,SET,1280,Lavik,338508.55,52.735,lavik-baseline
8192,SET,1280,Redis,376885.83,4.831,redis
8192,SET,1280,Valkey,383318.1,4.991,valkey
32768,GET,80,Lavik,91205.82,5.503,lavik-parallel
32768,GET,80,Lavik serial,91173.72,4.319,lavik-serial
32768,GET,80,Redis,91202.02,6.367,redis
32768,GET,80,Valkey,91190.3,6.079,valkey
32768,GET,320,Lavik,90859.1,10.175,lavik-parallel
32768,GET,320,Lavik serial,90813.6,10.047,lavik-serial
32768,GET,320,Redis,90976.5,17.023,redis
32768,GET,320,Valkey,90879.27,9.535,valkey
32768,GET,640,Lavik,90365.15,12.415,lavik-parallel
32768,GET,640,Lavik serial,90329.03,12.735,lavik-serial
32768,GET,640,Redis,90391.49,17.919,redis
32768,GET,640,Valkey,90409.15,15.551,valkey
32768,GET,1280,Lavik,89850.36,29.695,lavik-parallel
32768,GET,1280,Lavik serial,89851.38,29.183,lavik-serial
32768,GET,1280,Redis,89907.69,28.799,redis
32768,GET,1280,Valkey,89773.29,27.775,valkey
32768,SET,80,Lavik,10964.63,217.087,lavik-parallel
32768,SET,80,Lavik serial,10878.68,264.191,lavik-serial
32768,SET,80,Redis,93420.2,1.431,redis
32768,SET,80,Valkey,93148.27,1.495,valkey
32768,SET,320,Lavik,9034.84,733.183,lavik-parallel
32768,SET,320,Lavik serial,9439.84,643.071,lavik-serial
32768,SET,320,Redis,93427.89,5.631,redis
32768,SET,320,Valkey,93467.53,5.823,valkey
32768,SET,640,Lavik,7408.62,1826.815,lavik-parallel
32768,SET,640,Lavik serial,7907.02,1679.359,lavik-serial
32768,SET,640,Redis,93512.98,9.023,redis
32768,SET,640,Valkey,93640.6,9.151,valkey
32768,SET,1280,Lavik,7028.44,3620.863,lavik-parallel
32768,SET,1280,Lavik serial,7254.04,3211.263,lavik-serial
32768,SET,1280,Redis,93652.95,18.175,redis
32768,SET,1280,Valkey,93609.78,19.327,valkey
131072,GET,80,Lavik,22803.66,9.279,lavik-parallel
131072,GET,80,Lavik serial,22774.47,7.295,lavik-serial
131072,GET,80,Redis,22794.03,9.407,redis
131072,GET,80,Valkey,22785.71,8.511,valkey-verified128
131072,GET,320,Lavik,22646.88,36.351,lavik-parallel
131072,GET,320,Lavik serial,22624.95,30.207,lavik-serial
131072,GET,320,Redis,22630.44,31.487,redis
131072,GET,320,Valkey,22360.19,30.847,valkey-verified128
131072,GET,640,Lavik,22585.71,71.679,lavik-parallel
131072,GET,640,Lavik serial,22559.61,71.167,lavik-serial
131072,GET,640,Redis,22581.18,70.655,redis
131072,GET,640,Valkey,22567.72,70.655,valkey-verified128
131072,GET,1280,Lavik,22415.37,242.687,lavik-parallel
131072,GET,1280,Lavik serial,19614.06,724.991,lavik-serial
131072,GET,1280,Redis,22438.8,240.639,redis
131072,GET,1280,Valkey,22451.86,249.855,valkey-verified128
131072,GET,2560,Lavik,22132.8,323.583,lavik-high
131072,GET,5120,Lavik,21957.71,884.735,lavik-high
131072,SET,80,Lavik,9202.39,236.543,lavik-parallel
131072,SET,80,Lavik serial,6630.71,321.535,lavik-serial
131072,SET,80,Redis,23402.01,7.615,redis
131072,SET,80,Valkey,23338.39,6.623,valkey-verified128
131072,SET,320,Lavik,7135.21,823.295,lavik-parallel
131072,SET,320,Lavik serial,7350.73,823.295,lavik-serial
131072,SET,320,Redis,23410.38,20.863,redis
131072,SET,320,Valkey,23387.95,19.455,valkey-verified128
131072,SET,640,Lavik,7190.84,1417.215,lavik-parallel
131072,SET,640,Lavik serial,7333.83,1392.639,lavik-serial
131072,SET,640,Redis,23415.83,34.047,redis
131072,SET,640,Valkey,23409.73,33.791,valkey-verified128
131072,SET,1280,Lavik,6653.45,3686.399,lavik-parallel
131072,SET,1280,Lavik serial,6750.44,3538.943,lavik-serial
131072,SET,1280,Redis,23443.5,67.583,redis
131072,SET,1280,Valkey,23391.98,71.679,valkey-verified128
131072,SET,2560,Lavik,7004.41,4390.911,lavik-high
131072,SET,5120,Lavik,6311.3,8290.303,lavik-high
1048576,GET,80,Lavik,2840.85,58.367,lavik-final1m-20260926
1048576,GET,80,Redis,2841.06,70.143,redis-1m-20260926
1048576,GET,80,Valkey,2840.37,70.143,valkey-1m-20260926
1048576,GET,320,Lavik,2821.52,223.231,lavik-final1m-20260926
1048576,GET,320,Redis,2817.38,230.399,redis-1m-20260926
1048576,GET,320,Valkey,2819.72,231.423,valkey-1m-20260926
1048576,GET,640,Lavik,2819.37,409.599,lavik-final1m-20260926
1048576,GET,640,Redis,2792.41,442.367,redis-1m-20260926
1048576,GET,640,Valkey,2801.34,438.271,valkey-1m-20260926
1048576,GET,1280,Lavik,2780.83,835.583,lavik-final1m-20260926
1048576,GET,1280,Redis,2749.67,888.831,redis-1m-20260926
1048576,GET,1280,Valkey,2752.62,954.367,valkey-1m-20260926
1048576,GET,2560,Lavik,2815.3,2424.831,lavik-final1m-20260926
1048576,GET,2560,Redis,2724.91,1835.007,redis-1m-20260926
1048576,GET,2560,Valkey,2682.22,1777.663,valkey-1m-20260926
1048576,SET,80,Lavik,839.25,268.287,lavik-final1m-20260926
1048576,SET,80,Lavik before cleaner,358.93,606.207,lavik-baseline1m-20260926
1048576,SET,80,Redis,2927.56,45.311,redis-1m-20260926
1048576,SET,80,Valkey,2926.52,74.239,valkey-1m-20260926
1048576,SET,320,Lavik,842.44,2932.735,lavik-final1m-20260926
1048576,SET,320,Lavik before cleaner,356.4,5963.775,lavik-baseline1m-20260926
1048576,SET,320,Redis,2929.0,176.127,redis-1m-20260926
1048576,SET,320,Valkey,2926.55,142.335,valkey-1m-20260926
1048576,SET,640,Lavik,825.69,5570.559,lavik-final1m-20260926
1048576,SET,640,Lavik before cleaner,361.28,11534.335,lavik-baseline1m-20260926
1048576,SET,640,Redis,2934.55,346.111,redis-1m-20260926
1048576,SET,640,Valkey,2929.1,358.399,valkey-1m-20260926
1048576,SET,1280,Lavik,797.8,9895.935,lavik-final1m-20260926
1048576,SET,1280,Lavik before cleaner,362.15,17170.431,lavik-baseline1m-20260926
1048576,SET,1280,Redis,2943.74,856.063,redis-1m-20260926
1048576,SET,1280,Valkey,2941.28,811.007,valkey-1m-20260926
1048576,SET,2560,Lavik,782.65,15925.247,lavik-final1m-20260926
1048576,SET,2560,Lavik before cleaner,374.21,22020.095,lavik-baseline1m-20260926
1048576,SET,2560,Redis,2942.88,1859.583,redis-1m-20260926
1048576,SET,2560,Valkey,2935.78,1810.431,valkey-1m-20260926
