round,version,qps,p99_ms,requests,queue_peak_before,queue_peak_after,backlog_after,raw,exploratory
4,main,56889.4017084,21.481699,1707133,34,1831,0,/mnt/dev/lavik-complex-refresh-20261004/perf_reports/lavik-complex-structures-2026-09-26/raw/lavik-maincc31b3a6-queue8m-list-8388608-rpush_lpop-r4-20261008,False
4,queueopt,58958.1593409,48.920833,1772547,23,5478,25137152,/mnt/dev/lavik-complex-refresh-20261004/perf_reports/lavik-complex-structures-2026-09-26/raw/lavik-queueopt309e2af3-queue8m-list-8388608-rpush_lpop-r4-20261008,False
5,queueopt,64383.8080101,40.742172,1932245,17,4083,16760832,/mnt/dev/lavik-complex-refresh-20261004/perf_reports/lavik-complex-structures-2026-09-26/raw/lavik-queueopt309e2af3-queue8m-list-8388608-rpush_lpop-r5-20261008,False
5,main,53905.3148914,24.647155,1618032,19,2527,0,/mnt/dev/lavik-complex-refresh-20261004/perf_reports/lavik-complex-structures-2026-09-26/raw/lavik-maincc31b3a6-queue8m-list-8388608-rpush_lpop-r5-20261008,False
6,main,51220.9910187,29.917415,1537308,39,2531,0,/mnt/dev/lavik-complex-refresh-20261004/perf_reports/lavik-complex-structures-2026-09-26/raw/lavik-maincc31b3a6-queue8m-list-8388608-rpush_lpop-r6-20261008,False
6,queueopt,60437.4813378,45.835683,1814915,18,5877,0,/mnt/dev/lavik-complex-refresh-20261004/perf_reports/lavik-complex-structures-2026-09-26/raw/lavik-queueopt309e2af3-queue8m-list-8388608-rpush_lpop-r6-20261008,False
1,main,39350.2848364,73.622685,1181026,114,3147,8380416,/mnt/dev/lavik-complex-refresh-20261004/perf_reports/lavik-complex-structures-2026-09-26/raw/lavik-maincc31b3a6-queue8m-list-8388608-rpush_lpop-r1-20261008,True
2,main,58033.7574525,21.187061,1741595,16,210,0,/mnt/dev/lavik-complex-refresh-20261004/perf_reports/lavik-complex-structures-2026-09-26/raw/lavik-maincc31b3a6-queue8m-list-8388608-rpush_lpop-r2-20261008,True
3,main,57320.5340133,20.946143,1720033,58,294,0,/mnt/dev/lavik-complex-refresh-20261004/perf_reports/lavik-complex-structures-2026-09-26/raw/lavik-maincc31b3a6-queue8m-list-8388608-rpush_lpop-r3-20261008,True
