series,command,connections,qps,p99_ms,error
Redis,LINDEX,80,48503.36,2.735,
Redis,LINDEX,320,50283.02,11.263,
Redis,LINDEX,1280,51891.21,47.615,
Redis,LINDEX,2560,54668.51,96.767,
Valkey,LINDEX,80,41988.14,2.367,
Valkey,LINDEX,320,44666.15,13.695,
Valkey,LINDEX,1280,46883.05,56.319,
Valkey,LINDEX,2560,45138.3,120.319,
Kvrocks (80 GiB cache),LINDEX,80,458584.73,0.407,
Kvrocks (80 GiB cache),LINDEX,320,689156.73,0.999,
Kvrocks (80 GiB cache),LINDEX,1280,699385.11,4.223,
Kvrocks (80 GiB cache),LINDEX,2560,672961.14,6.783,
Lavik main c55e52c9,LINDEX,80,356109.84,0.471,
Lavik main c55e52c9,LINDEX,320,438357.86,2.207,
Lavik main c55e52c9,LINDEX,1280,324308.91,16.511,
Lavik main c55e52c9,LINDEX,2560,288129.41,36.351,
Redis,LSET,80,49810.51,2.799,
Redis,LSET,320,51672.58,11.647,
Redis,LSET,1280,51796.66,48.383,
Redis,LSET,2560,52001.45,96.767,
Valkey,LSET,80,42344.55,2.991,
Valkey,LSET,320,42668.77,13.183,
Valkey,LSET,1280,46856.7,57.599,
Valkey,LSET,2560,50354.43,111.615,
Kvrocks (80 GiB cache),LSET,80,270958.74,0.727,
Kvrocks (80 GiB cache),LSET,320,320143.06,1.943,
Kvrocks (80 GiB cache),LSET,1280,319907.74,6.367,
Kvrocks (80 GiB cache),LSET,2560,312205.62,17.535,
Lavik main c55e52c9,LSET,80,48045.84,38.655,
Lavik main c55e52c9,LSET,320,50655.97,76.799,
Lavik main c55e52c9,LSET,1280,47825.19,139.263,
Lavik main c55e52c9,LSET,2560,47010.3,290.815,
Redis,LRANGE,1,6.7,162.815,
Redis,LRANGE,4,23.97,342.015,
Redis,LRANGE,16,22.28,1581.055,
Valkey,LRANGE,1,6.71,151.551,
Valkey,LRANGE,4,11.36,602.111,
Valkey,LRANGE,16,11.7,2310.143,
Kvrocks (80 GiB cache),LRANGE,1,5.36,231.423,
Kvrocks (80 GiB cache),LRANGE,4,16.93,364.543,
Kvrocks (80 GiB cache),LRANGE,16,27.81,1302.527,
Lavik main c55e52c9,LRANGE,1,4.07,354.303,
Lavik main c55e52c9,LRANGE,4,14.22,421.887,
Lavik main c55e52c9,LRANGE,16,27.34,1073.151,
