label,commit,keys,bytes_per_key,connections,qps,p99_ms
Redis,,500,104857600,80,11992.69,11.839
Redis,,500,104857600,320,12748.75,48.383
Redis,,500,104857600,1280,13689.61,199.679
Redis,,500,104857600,2560,13842.46,391.167
Redis,,500,104857600,5120,13889.46,790.527
Valkey,,500,104857600,80,12183.54,12.607
Valkey,,500,104857600,320,12988.37,53.503
Valkey,,500,104857600,1280,13146.59,203.775
Valkey,,500,104857600,2560,13057.02,397.311
Valkey,,500,104857600,5120,14117.05,794.623
Kvrocks (80 GiB cache),28440b5cba12a791b058713cbbae4ef86fbf37a2,500,104857600,80,234257.18,1.071
Kvrocks (80 GiB cache),28440b5cba12a791b058713cbbae4ef86fbf37a2,500,104857600,320,350614.48,2.511
Kvrocks (80 GiB cache),28440b5cba12a791b058713cbbae4ef86fbf37a2,500,104857600,1280,367124.48,8.447
Kvrocks (80 GiB cache),28440b5cba12a791b058713cbbae4ef86fbf37a2,500,104857600,2560,184663.45,30.207
Kvrocks (80 GiB cache),28440b5cba12a791b058713cbbae4ef86fbf37a2,500,104857600,5120,271760.95,57.599
Lavik main,f12680146756f167e1e57420e5a5fbd14a2473d2,500,104857600,80,7325.27,140.287
Lavik main,f12680146756f167e1e57420e5a5fbd14a2473d2,500,104857600,320,7358.87,393.215
Lavik main,f12680146756f167e1e57420e5a5fbd14a2473d2,500,104857600,1280,7203.17,1351.679
Lavik main,f12680146756f167e1e57420e5a5fbd14a2473d2,500,104857600,2560,7317.1,2088.959
Lavik main,f12680146756f167e1e57420e5a5fbd14a2473d2,500,104857600,5120,7276.29,3129.343
Lavik PR #233,0af92a14ac5b1111505cfb61defa0875aa5201c1,500,104857600,80,128276.3,6.399
Lavik PR #233,0af92a14ac5b1111505cfb61defa0875aa5201c1,500,104857600,320,129384.88,31.871
Lavik PR #233,0af92a14ac5b1111505cfb61defa0875aa5201c1,500,104857600,1280,92093.23,127.487
Lavik PR #233,0af92a14ac5b1111505cfb61defa0875aa5201c1,500,104857600,2560,93274.67,237.567
Lavik PR #233,0af92a14ac5b1111505cfb61defa0875aa5201c1,500,104857600,5120,92100.74,479.231
