product,type,logical_bytes,field_bytes,keys,operation,connections,qps,error
redis,set,1048576,1024,50000,SADD_SREM,80,206845.44,
redis,set,1048576,1024,50000,SADD_SREM,320,264869.1,
redis,set,1048576,1024,50000,SADD_SREM,1280,271690.14,
redis,set,1048576,1024,50000,SADD_SREM,2560,256514.06,
redis,set,1048576,1024,50000,SADD_SREM,5120,236249.4,
redis,set,1048576,1024,50000,SISMEMBER,80,330223.29,
redis,set,1048576,1024,50000,SISMEMBER,320,400705.47,
redis,set,1048576,1024,50000,SISMEMBER,1280,415051.05,
redis,set,1048576,1024,50000,SISMEMBER,2560,384826.08,
redis,set,1048576,1024,50000,SISMEMBER,5120,339187.71,
redis,set,1048576,1024,50000,SMEMBERS,16,2852.9,
redis,set,1048576,1024,50000,SMEMBERS,80,2840.03,
valkey,set,1048576,1024,50000,SADD_SREM,80,500318.51,
valkey,set,1048576,1024,50000,SADD_SREM,320,449017.07,
valkey,set,1048576,1024,50000,SADD_SREM,1280,547328.14,
valkey,set,1048576,1024,50000,SADD_SREM,2560,515343.12,
valkey,set,1048576,1024,50000,SADD_SREM,5120,404832.45,
valkey,set,1048576,1024,50000,SISMEMBER,80,401750.93,
valkey,set,1048576,1024,50000,SISMEMBER,320,420813.96,
valkey,set,1048576,1024,50000,SISMEMBER,1280,502670.95,
valkey,set,1048576,1024,50000,SISMEMBER,2560,481385.18,
valkey,set,1048576,1024,50000,SISMEMBER,5120,383667.2,
valkey,set,1048576,1024,50000,SMEMBERS,16,1226.77,
valkey,set,1048576,1024,50000,SMEMBERS,80,938.26,
kvrocks,set,1048576,1024,50000,SADD_SREM,80,291232.39,
kvrocks,set,1048576,1024,50000,SADD_SREM,320,141445.4,
kvrocks,set,1048576,1024,50000,SADD_SREM,1280,133207.94,
kvrocks,set,1048576,1024,50000,SADD_SREM,2560,132586.29,
kvrocks,set,1048576,1024,50000,SADD_SREM,5120,158643.05,
kvrocks,set,1048576,1024,50000,SISMEMBER,80,324786.39,
kvrocks,set,1048576,1024,50000,SISMEMBER,320,446056.31,
kvrocks,set,1048576,1024,50000,SISMEMBER,1280,424137.6,
kvrocks,set,1048576,1024,50000,SISMEMBER,2560,393817.87,
kvrocks,set,1048576,1024,50000,SISMEMBER,5120,355779.31,
kvrocks,set,1048576,1024,50000,SMEMBERS,16,2849.24,
kvrocks,set,1048576,1024,50000,SMEMBERS,80,2846.58,
lavik,set,1048576,1024,50000,SADD_SREM,80,46795.19,
lavik,set,1048576,1024,50000,SADD_SREM,320,30740.56,
lavik,set,1048576,1024,50000,SADD_SREM,1280,33375.78,
lavik,set,1048576,1024,50000,SADD_SREM,2560,26224.82,
lavik,set,1048576,1024,50000,SADD_SREM,5120,24938.21,
lavik,set,1048576,1024,50000,SISMEMBER,80,333941.68,
lavik,set,1048576,1024,50000,SISMEMBER,320,509026.14,
lavik,set,1048576,1024,50000,SISMEMBER,1280,424332.9,
lavik,set,1048576,1024,50000,SISMEMBER,2560,394404.68,
lavik,set,1048576,1024,50000,SISMEMBER,5120,363999.39,
lavik,set,1048576,1024,50000,SMEMBERS,16,952.81,
lavik,set,1048576,1024,50000,SMEMBERS,80,2845.13,
