product,type,logical_bytes,field_bytes,operation,connections,qps
Redis,hash,1048576,128,HGET,80,460321.86
Redis,hash,1048576,128,HGET,320,762983.37
Redis,hash,1048576,128,HGET,1280,933791.67
Redis,hash,1048576,128,HGET,2560,1001626.32
Redis,hash,1048576,128,HGET,5120,847886.31
Valkey,hash,1048576,128,HGET,80,546409.25
Valkey,hash,1048576,128,HGET,320,741258.32
Valkey,hash,1048576,128,HGET,1280,823170.08
Valkey,hash,1048576,128,HGET,2560,837629.39
Valkey,hash,1048576,128,HGET,5120,669556.71
Kvrocks,hash,1048576,128,HGET,80,493418.03
Kvrocks,hash,1048576,128,HGET,320,750761.33
Kvrocks,hash,1048576,128,HGET,1280,769371.58
Kvrocks,hash,1048576,128,HGET,2560,738282.65
Kvrocks,hash,1048576,128,HGET,5120,631458.39
Lavik main,hash,1048576,128,HGET,80,396794.72
Lavik main,hash,1048576,128,HGET,320,542240.97
Lavik main,hash,1048576,128,HGET,1280,406216.03
Lavik main,hash,1048576,128,HGET,2560,353803.35
Lavik main,hash,1048576,128,HGET,5120,331857.12
Lavik PR #212,hash,1048576,128,HGET,80,419462.36
Lavik PR #212,hash,1048576,128,HGET,320,675840.32
Lavik PR #212,hash,1048576,128,HGET,1280,511459.43
Lavik PR #212,hash,1048576,128,HGET,2560,447950.45
Lavik PR #212,hash,1048576,128,HGET,5120,416710.1
Redis,hash,1048576,128,HSET,80,445582.2
Redis,hash,1048576,128,HSET,320,734709.07
Redis,hash,1048576,128,HSET,1280,919217.58
Redis,hash,1048576,128,HSET,2560,933592.23
Redis,hash,1048576,128,HSET,5120,795373.94
Valkey,hash,1048576,128,HSET,80,541152.43
Valkey,hash,1048576,128,HSET,320,804307.55
Valkey,hash,1048576,128,HSET,1280,749935.4
Valkey,hash,1048576,128,HSET,2560,720138.98
Valkey,hash,1048576,128,HSET,5120,624568.65
Kvrocks,hash,1048576,128,HSET,80,344105.45
Kvrocks,hash,1048576,128,HSET,320,371591.42
Kvrocks,hash,1048576,128,HSET,1280,408746.07
Kvrocks,hash,1048576,128,HSET,2560,379536.65
Kvrocks,hash,1048576,128,HSET,5120,360774.61
Lavik main,hash,1048576,128,HSET,80,9341.65
Lavik main,hash,1048576,128,HSET,320,9436.04
Lavik main,hash,1048576,128,HSET,1280,9916.27
Lavik main,hash,1048576,128,HSET,2560,9877.04
Lavik main,hash,1048576,128,HSET,5120,10302.42
Lavik PR #212,hash,1048576,128,HSET,80,9426.34
Lavik PR #212,hash,1048576,128,HSET,320,9416.89
Lavik PR #212,hash,1048576,128,HSET,1280,9913.12
Lavik PR #212,hash,1048576,128,HSET,2560,9951.83
Lavik PR #212,hash,1048576,128,HSET,5120,10224.98
Redis,hash,1048576,128,HGETALL,16,1132.12
Redis,hash,1048576,128,HGETALL,80,1136.61
Valkey,hash,1048576,128,HGETALL,16,392.52
Valkey,hash,1048576,128,HGETALL,80,295.41
Kvrocks,hash,1048576,128,HGETALL,16,1661.93
Kvrocks,hash,1048576,128,HGETALL,80,1854.54
Lavik main,hash,1048576,128,HGETALL,16,1099.94
Lavik main,hash,1048576,128,HGETALL,80,1600.98
Lavik PR #212,hash,1048576,128,HGETALL,16,986.79
Lavik PR #212,hash,1048576,128,HGETALL,80,1579.48
Redis,hash,1048576,1024,HGET,80,450826.64
Redis,hash,1048576,1024,HGET,320,715529.69
Redis,hash,1048576,1024,HGET,1280,941306.08
Redis,hash,1048576,1024,HGET,2560,968661.55
Redis,hash,1048576,1024,HGET,5120,735263.02
Valkey,hash,1048576,1024,HGET,80,551454.54
Valkey,hash,1048576,1024,HGET,320,721804.49
Valkey,hash,1048576,1024,HGET,1280,796469.88
Valkey,hash,1048576,1024,HGET,2560,931406.55
Valkey,hash,1048576,1024,HGET,5120,638105.3
Kvrocks,hash,1048576,1024,HGET,80,486230.75
Kvrocks,hash,1048576,1024,HGET,320,725720.7
Kvrocks,hash,1048576,1024,HGET,1280,762360.51
Kvrocks,hash,1048576,1024,HGET,2560,705366.85
Kvrocks,hash,1048576,1024,HGET,5120,590535.62
Lavik main,hash,1048576,1024,HGET,80,468580.35
Lavik main,hash,1048576,1024,HGET,320,672375.48
Lavik main,hash,1048576,1024,HGET,1280,652958.84
Lavik main,hash,1048576,1024,HGET,2560,541539.72
Lavik main,hash,1048576,1024,HGET,5120,373030.25
Lavik PR #212,hash,1048576,1024,HGET,80,492998.67
Lavik PR #212,hash,1048576,1024,HGET,320,749437.85
Lavik PR #212,hash,1048576,1024,HGET,1280,733220.47
Lavik PR #212,hash,1048576,1024,HGET,2560,594299.48
Lavik PR #212,hash,1048576,1024,HGET,5120,453885.24
Redis,hash,1048576,1024,HSET,80,438748.8
Redis,hash,1048576,1024,HSET,320,711411.72
Redis,hash,1048576,1024,HSET,1280,871496.66
Redis,hash,1048576,1024,HSET,2560,865984.18
Redis,hash,1048576,1024,HSET,5120,689744.7
Valkey,hash,1048576,1024,HSET,80,532240.31
Valkey,hash,1048576,1024,HSET,320,660458.84
Valkey,hash,1048576,1024,HSET,1280,709722.47
Valkey,hash,1048576,1024,HSET,2560,685060.59
Valkey,hash,1048576,1024,HSET,5120,512104.04
Kvrocks,hash,1048576,1024,HSET,80,335742.56
Kvrocks,hash,1048576,1024,HSET,320,369376.82
Kvrocks,hash,1048576,1024,HSET,1280,368306.3
Kvrocks,hash,1048576,1024,HSET,2560,367658.56
Kvrocks,hash,1048576,1024,HSET,5120,333203.34
Lavik main,hash,1048576,1024,HSET,80,11143.26
Lavik main,hash,1048576,1024,HSET,320,9475.08
Lavik main,hash,1048576,1024,HSET,1280,9756.14
Lavik main,hash,1048576,1024,HSET,2560,10044.38
Lavik main,hash,1048576,1024,HSET,5120,10247.04
Lavik PR #212,hash,1048576,1024,HSET,80,10915.3
Lavik PR #212,hash,1048576,1024,HSET,320,9672.3
Lavik PR #212,hash,1048576,1024,HSET,1280,9790.53
Lavik PR #212,hash,1048576,1024,HSET,2560,9921.97
Lavik PR #212,hash,1048576,1024,HSET,5120,10053.16
Redis,hash,1048576,1024,HGETALL,16,3007.71
Redis,hash,1048576,1024,HGETALL,80,2770.59
Valkey,hash,1048576,1024,HGETALL,16,1159.32
Valkey,hash,1048576,1024,HGETALL,80,1234.77
Kvrocks,hash,1048576,1024,HGETALL,16,2809.38
Kvrocks,hash,1048576,1024,HGETALL,80,2799.3
Lavik main,hash,1048576,1024,HGETALL,16,2810.22
Lavik main,hash,1048576,1024,HGETALL,80,2807.46
Lavik PR #212,hash,1048576,1024,HGETALL,16,2810.81
Lavik PR #212,hash,1048576,1024,HGETALL,80,2806.54
Redis,hash,104857600,128,HGET,80,460460.87
Redis,hash,104857600,128,HGET,320,779364.82
Redis,hash,104857600,128,HGET,1280,986262.05
Redis,hash,104857600,128,HGET,2560,1033080.07
Redis,hash,104857600,128,HGET,5120,845575.02
Valkey,hash,104857600,128,HGET,80,561192.75
Valkey,hash,104857600,128,HGET,320,785361.12
Valkey,hash,104857600,128,HGET,1280,878686.28
Valkey,hash,104857600,128,HGET,2560,879489.71
Valkey,hash,104857600,128,HGET,5120,696265.98
Kvrocks,hash,104857600,128,HGET,80,463392.92
Kvrocks,hash,104857600,128,HGET,320,663060.17
Kvrocks,hash,104857600,128,HGET,1280,678874.65
Kvrocks,hash,104857600,128,HGET,2560,663459.43
Kvrocks,hash,104857600,128,HGET,5120,582083.19
Lavik main,hash,104857600,128,HGET,80,257415.84
Lavik main,hash,104857600,128,HGET,320,278804.57
Lavik main,hash,104857600,128,HGET,1280,225778.64
Lavik main,hash,104857600,128,HGET,2560,191015.7
Lavik main,hash,104857600,128,HGET,5120,187478.67
Lavik PR #212,hash,104857600,128,HGET,80,353044.23
Lavik PR #212,hash,104857600,128,HGET,320,421932.33
Lavik PR #212,hash,104857600,128,HGET,1280,314314.3
Lavik PR #212,hash,104857600,128,HGET,2560,283825.01
Lavik PR #212,hash,104857600,128,HGET,5120,255347.39
Redis,hash,104857600,128,HSET,80,453221.79
Redis,hash,104857600,128,HSET,320,746416.66
Redis,hash,104857600,128,HSET,1280,946351.65
Redis,hash,104857600,128,HSET,2560,981444.27
Redis,hash,104857600,128,HSET,5120,795392.44
Valkey,hash,104857600,128,HSET,80,551024.6
Valkey,hash,104857600,128,HSET,320,727404.37
Valkey,hash,104857600,128,HSET,1280,775004.15
Valkey,hash,104857600,128,HSET,2560,765794.39
Valkey,hash,104857600,128,HSET,5120,629272.22
Kvrocks,hash,104857600,128,HSET,80,264876.64
Kvrocks,hash,104857600,128,HSET,320,318368.39
Kvrocks,hash,104857600,128,HSET,1280,319846.76
Kvrocks,hash,104857600,128,HSET,2560,307752.59
Kvrocks,hash,104857600,128,HSET,5120,288087.84
Lavik main,hash,104857600,128,HSET,80,2290.07
Lavik main,hash,104857600,128,HSET,320,2336.4
Lavik main,hash,104857600,128,HSET,1280,2522.51
Lavik main,hash,104857600,128,HSET,2560,2469.92
Lavik main,hash,104857600,128,HSET,5120,2664.66
Lavik PR #212,hash,104857600,128,HSET,80,2286.27
Lavik PR #212,hash,104857600,128,HSET,320,2327.14
Lavik PR #212,hash,104857600,128,HSET,1280,2391.69
Lavik PR #212,hash,104857600,128,HSET,2560,2446.26
Lavik PR #212,hash,104857600,128,HSET,5120,2633.05
Redis,hash,104857600,128,HGETALL,1,2.74
Redis,hash,104857600,128,HGETALL,4,4.55
Redis,hash,104857600,128,HGETALL,16,5.54
Valkey,hash,104857600,128,HGETALL,1,1.36
Valkey,hash,104857600,128,HGETALL,4,2.28
Valkey,hash,104857600,128,HGETALL,16,2.43
Kvrocks,hash,104857600,128,HGETALL,1,1.78
Kvrocks,hash,104857600,128,HGETALL,4,7.1
Kvrocks,hash,104857600,128,HGETALL,16,14.17
Lavik main,hash,104857600,128,HGETALL,1,0.56
Lavik main,hash,104857600,128,HGETALL,4,2.06
Lavik PR #212,hash,104857600,128,HGETALL,1,0.55
Lavik PR #212,hash,104857600,128,HGETALL,4,2.25
Redis,hash,104857600,1024,HGET,80,455031.5
Redis,hash,104857600,1024,HGET,320,744776.92
Redis,hash,104857600,1024,HGET,1280,937048.5
Redis,hash,104857600,1024,HGET,2560,987501.84
Redis,hash,104857600,1024,HGET,5120,804920.53
Valkey,hash,104857600,1024,HGET,80,518120.83
Valkey,hash,104857600,1024,HGET,320,736449.32
Valkey,hash,104857600,1024,HGET,1280,840533.67
Valkey,hash,104857600,1024,HGET,2560,932914.42
Valkey,hash,104857600,1024,HGET,5120,689694.79
Kvrocks,hash,104857600,1024,HGET,80,427181.93
Kvrocks,hash,104857600,1024,HGET,320,644256.94
Kvrocks,hash,104857600,1024,HGET,1280,662020.67
Kvrocks,hash,104857600,1024,HGET,2560,635766.7
Kvrocks,hash,104857600,1024,HGET,5120,548652.25
Lavik main,hash,104857600,1024,HGET,80,347261.51
Lavik main,hash,104857600,1024,HGET,320,361998.26
Lavik main,hash,104857600,1024,HGET,1280,276648.37
Lavik main,hash,104857600,1024,HGET,2560,263013.78
Lavik main,hash,104857600,1024,HGET,5120,231099.57
Lavik PR #212,hash,104857600,1024,HGET,80,366040.68
Lavik PR #212,hash,104857600,1024,HGET,320,440474.72
Lavik PR #212,hash,104857600,1024,HGET,1280,326512.38
Lavik PR #212,hash,104857600,1024,HGET,2560,293812.16
Lavik PR #212,hash,104857600,1024,HGET,5120,260434.53
Redis,hash,104857600,1024,HSET,80,443293.64
Redis,hash,104857600,1024,HSET,320,729737.2
Redis,hash,104857600,1024,HSET,1280,885208.74
Redis,hash,104857600,1024,HSET,2560,934876.37
Redis,hash,104857600,1024,HSET,5120,713248.96
Valkey,hash,104857600,1024,HSET,80,524348.63
Valkey,hash,104857600,1024,HSET,320,696587.34
Valkey,hash,104857600,1024,HSET,1280,728763.94
Valkey,hash,104857600,1024,HSET,2560,714952.78
Valkey,hash,104857600,1024,HSET,5120,628060.51
Kvrocks,hash,104857600,1024,HSET,80,252977.99
Kvrocks,hash,104857600,1024,HSET,320,301999.64
Kvrocks,hash,104857600,1024,HSET,1280,319227.67
Kvrocks,hash,104857600,1024,HSET,2560,277855.68
Kvrocks,hash,104857600,1024,HSET,5120,276539.85
Lavik main,hash,104857600,1024,HSET,80,2290.68
Lavik main,hash,104857600,1024,HSET,320,2297.79
Lavik main,hash,104857600,1024,HSET,1280,2390.02
Lavik main,hash,104857600,1024,HSET,2560,2462.56
Lavik main,hash,104857600,1024,HSET,5120,2645.86
Lavik PR #212,hash,104857600,1024,HSET,80,2280.09
Lavik PR #212,hash,104857600,1024,HSET,320,2327.46
Lavik PR #212,hash,104857600,1024,HSET,1280,2362.62
Lavik PR #212,hash,104857600,1024,HSET,2560,2421.47
Lavik PR #212,hash,104857600,1024,HSET,5120,2649.92
Redis,hash,104857600,1024,HGETALL,1,5.79
Redis,hash,104857600,1024,HGETALL,4,16.42
Redis,hash,104857600,1024,HGETALL,16,17.53
Valkey,hash,104857600,1024,HGETALL,1,5.31
Valkey,hash,104857600,1024,HGETALL,4,7.95
Valkey,hash,104857600,1024,HGETALL,16,8.92
Kvrocks,hash,104857600,1024,HGETALL,1,3.07
Kvrocks,hash,104857600,1024,HGETALL,4,10.31
Kvrocks,hash,104857600,1024,HGETALL,16,17.87
Lavik main,hash,104857600,1024,HGETALL,1,0.57
Lavik main,hash,104857600,1024,HGETALL,4,2.34
Lavik main,hash,104857600,1024,HGETALL,16,8.63
Lavik PR #212,hash,104857600,1024,HGETALL,1,0.58
Lavik PR #212,hash,104857600,1024,HGETALL,4,2.26
Lavik PR #212,hash,104857600,1024,HGETALL,16,7.98
Redis,set,1048576,128,SISMEMBER,80,459846.12
Redis,set,1048576,128,SISMEMBER,320,767970.27
Redis,set,1048576,128,SISMEMBER,1280,970306.76
Redis,set,1048576,128,SISMEMBER,2560,1038463.18
Redis,set,1048576,128,SISMEMBER,5120,849165.27
Valkey,set,1048576,128,SISMEMBER,80,555383.65
Valkey,set,1048576,128,SISMEMBER,320,854305.67
Valkey,set,1048576,128,SISMEMBER,1280,908382.51
Valkey,set,1048576,128,SISMEMBER,2560,874415.62
Valkey,set,1048576,128,SISMEMBER,5120,716546.64
Kvrocks,set,1048576,128,SISMEMBER,80,478717.56
Kvrocks,set,1048576,128,SISMEMBER,320,715755.96
Kvrocks,set,1048576,128,SISMEMBER,1280,742570.37
Kvrocks,set,1048576,128,SISMEMBER,2560,716088.23
Kvrocks,set,1048576,128,SISMEMBER,5120,612206.04
Lavik main,set,1048576,128,SISMEMBER,80,357276.77
Lavik main,set,1048576,128,SISMEMBER,320,447662.89
Lavik main,set,1048576,128,SISMEMBER,1280,331571.43
Lavik main,set,1048576,128,SISMEMBER,2560,307778.59
Lavik main,set,1048576,128,SISMEMBER,5120,287177.34
Lavik PR #212,set,1048576,128,SISMEMBER,80,419036.33
Lavik PR #212,set,1048576,128,SISMEMBER,320,680028.7
Lavik PR #212,set,1048576,128,SISMEMBER,1280,527873.1
Lavik PR #212,set,1048576,128,SISMEMBER,2560,459530.14
Lavik PR #212,set,1048576,128,SISMEMBER,5120,426179.76
Redis,set,1048576,128,SADD_SREM,80,449673.19
Redis,set,1048576,128,SADD_SREM,320,763073.79
Redis,set,1048576,128,SADD_SREM,1280,971967.91
Redis,set,1048576,128,SADD_SREM,2560,1012492.64
Redis,set,1048576,128,SADD_SREM,5120,849687.05
Valkey,set,1048576,128,SADD_SREM,80,560381.75
Valkey,set,1048576,128,SADD_SREM,320,757973.04
Valkey,set,1048576,128,SADD_SREM,1280,836407.93
Valkey,set,1048576,128,SADD_SREM,2560,851877.43
Valkey,set,1048576,128,SADD_SREM,5120,885464.06
Kvrocks,set,1048576,128,SADD_SREM,80,369514.38
Kvrocks,set,1048576,128,SADD_SREM,320,440812.7
Kvrocks,set,1048576,128,SADD_SREM,1280,461880.19
Kvrocks,set,1048576,128,SADD_SREM,2560,419523.13
Kvrocks,set,1048576,128,SADD_SREM,5120,390412.38
Lavik main,set,1048576,128,SADD_SREM,80,19164.18
Lavik main,set,1048576,128,SADD_SREM,320,18575.5
Lavik main,set,1048576,128,SADD_SREM,1280,19308.94
Lavik main,set,1048576,128,SADD_SREM,2560,20224.84
Lavik main,set,1048576,128,SADD_SREM,5120,21076.92
Lavik PR #212,set,1048576,128,SADD_SREM,80,19383.6
Lavik PR #212,set,1048576,128,SADD_SREM,320,18673.69
Lavik PR #212,set,1048576,128,SADD_SREM,1280,19628.36
Lavik PR #212,set,1048576,128,SADD_SREM,2560,19990.2
Lavik PR #212,set,1048576,128,SADD_SREM,5120,21177.28
Redis,set,1048576,128,SMEMBERS,16,966.64
Redis,set,1048576,128,SMEMBERS,80,999.46
Valkey,set,1048576,128,SMEMBERS,16,522.17
Valkey,set,1048576,128,SMEMBERS,80,464.31
Kvrocks,set,1048576,128,SMEMBERS,16,2706.94
Kvrocks,set,1048576,128,SMEMBERS,80,2702.29
Lavik main,set,1048576,128,SMEMBERS,16,1213.94
Lavik main,set,1048576,128,SMEMBERS,80,1599.4
Lavik PR #212,set,1048576,128,SMEMBERS,16,1158.02
Lavik PR #212,set,1048576,128,SMEMBERS,80,1577.61
Redis,set,1048576,1024,SISMEMBER,80,434204.93
Redis,set,1048576,1024,SISMEMBER,320,694315.41
Redis,set,1048576,1024,SISMEMBER,1280,815565.2
Redis,set,1048576,1024,SISMEMBER,2560,790915.77
Redis,set,1048576,1024,SISMEMBER,5120,679751.15
Valkey,set,1048576,1024,SISMEMBER,80,523729.53
Valkey,set,1048576,1024,SISMEMBER,320,656214.44
Valkey,set,1048576,1024,SISMEMBER,1280,699517.95
Valkey,set,1048576,1024,SISMEMBER,2560,837087.12
Valkey,set,1048576,1024,SISMEMBER,5120,531765.05
Kvrocks,set,1048576,1024,SISMEMBER,80,468353.54
Kvrocks,set,1048576,1024,SISMEMBER,320,680677.93
Kvrocks,set,1048576,1024,SISMEMBER,1280,684015.0
Kvrocks,set,1048576,1024,SISMEMBER,2560,653884.29
Kvrocks,set,1048576,1024,SISMEMBER,5120,549865.58
Lavik main,set,1048576,1024,SISMEMBER,80,423126.42
Lavik main,set,1048576,1024,SISMEMBER,320,537364.76
Lavik main,set,1048576,1024,SISMEMBER,1280,465715.49
Lavik main,set,1048576,1024,SISMEMBER,2560,417074.86
Lavik main,set,1048576,1024,SISMEMBER,5120,340059.37
Lavik PR #212,set,1048576,1024,SISMEMBER,80,482691.65
Lavik PR #212,set,1048576,1024,SISMEMBER,320,701601.03
Lavik PR #212,set,1048576,1024,SISMEMBER,1280,693937.96
Lavik PR #212,set,1048576,1024,SISMEMBER,2560,567333.74
Lavik PR #212,set,1048576,1024,SISMEMBER,5120,420770.05
Redis,set,1048576,1024,SADD_SREM,80,436455.64
Redis,set,1048576,1024,SADD_SREM,320,687900.47
Redis,set,1048576,1024,SADD_SREM,1280,811488.68
Redis,set,1048576,1024,SADD_SREM,2560,824721.67
Redis,set,1048576,1024,SADD_SREM,5120,695151.81
Valkey,set,1048576,1024,SADD_SREM,80,537995.37
Valkey,set,1048576,1024,SADD_SREM,320,651255.14
Valkey,set,1048576,1024,SADD_SREM,1280,705983.67
Valkey,set,1048576,1024,SADD_SREM,2560,671549.27
Valkey,set,1048576,1024,SADD_SREM,5120,667623.72
Kvrocks,set,1048576,1024,SADD_SREM,80,357828.43
Kvrocks,set,1048576,1024,SADD_SREM,320,332239.85
Kvrocks,set,1048576,1024,SADD_SREM,1280,410081.63
Kvrocks,set,1048576,1024,SADD_SREM,2560,385840.69
Kvrocks,set,1048576,1024,SADD_SREM,5120,356203.98
Lavik main,set,1048576,1024,SADD_SREM,80,20188.78
Lavik main,set,1048576,1024,SADD_SREM,320,19305.48
Lavik main,set,1048576,1024,SADD_SREM,1280,19601.85
Lavik main,set,1048576,1024,SADD_SREM,2560,20142.39
Lavik main,set,1048576,1024,SADD_SREM,5120,20905.03
Lavik PR #212,set,1048576,1024,SADD_SREM,80,20228.66
Lavik PR #212,set,1048576,1024,SADD_SREM,320,19932.88
Lavik PR #212,set,1048576,1024,SADD_SREM,1280,19754.14
Lavik PR #212,set,1048576,1024,SADD_SREM,2560,20165.1
Lavik PR #212,set,1048576,1024,SADD_SREM,5120,20780.24
Redis,set,1048576,1024,SMEMBERS,16,3032.13
Redis,set,1048576,1024,SMEMBERS,80,2846.72
Valkey,set,1048576,1024,SMEMBERS,16,1240.39
Valkey,set,1048576,1024,SMEMBERS,80,1252.07
Kvrocks,set,1048576,1024,SMEMBERS,16,2849.51
Kvrocks,set,1048576,1024,SMEMBERS,80,2843.5
Lavik main,set,1048576,1024,SMEMBERS,16,2848.87
Lavik main,set,1048576,1024,SMEMBERS,80,2847.01
Lavik PR #212,set,1048576,1024,SMEMBERS,16,2849.23
Lavik PR #212,set,1048576,1024,SMEMBERS,80,2847.24
Redis,set,104857600,128,SISMEMBER,80,461252.44
Redis,set,104857600,128,SISMEMBER,320,778454.38
Redis,set,104857600,128,SISMEMBER,1280,970129.68
Redis,set,104857600,128,SISMEMBER,2560,1045117.51
Redis,set,104857600,128,SISMEMBER,5120,870410.9
Valkey,set,104857600,128,SISMEMBER,80,575268.25
Valkey,set,104857600,128,SISMEMBER,320,781229.46
Valkey,set,104857600,128,SISMEMBER,1280,908092.12
Valkey,set,104857600,128,SISMEMBER,2560,901985.47
Valkey,set,104857600,128,SISMEMBER,5120,815489.89
Kvrocks,set,104857600,128,SISMEMBER,80,439758.32
Kvrocks,set,104857600,128,SISMEMBER,320,646205.46
Kvrocks,set,104857600,128,SISMEMBER,1280,654578.99
Kvrocks,set,104857600,128,SISMEMBER,2560,651010.05
Kvrocks,set,104857600,128,SISMEMBER,5120,575985.9
Lavik main,set,104857600,128,SISMEMBER,80,206727.82
Lavik main,set,104857600,128,SISMEMBER,320,212876.64
Lavik main,set,104857600,128,SISMEMBER,1280,178539.97
Lavik main,set,104857600,128,SISMEMBER,2560,171375.26
Lavik main,set,104857600,128,SISMEMBER,5120,161382.34
Lavik PR #212,set,104857600,128,SISMEMBER,80,333396.54
Lavik PR #212,set,104857600,128,SISMEMBER,320,410770.04
Lavik PR #212,set,104857600,128,SISMEMBER,1280,307754.25
Lavik PR #212,set,104857600,128,SISMEMBER,2560,280335.82
Lavik PR #212,set,104857600,128,SISMEMBER,5120,252030.23
Redis,set,104857600,128,SADD_SREM,80,458853.17
Redis,set,104857600,128,SADD_SREM,320,765333.69
Redis,set,104857600,128,SADD_SREM,1280,970775.29
Redis,set,104857600,128,SADD_SREM,2560,1045640.75
Redis,set,104857600,128,SADD_SREM,5120,863788.45
Valkey,set,104857600,128,SADD_SREM,80,564606.24
Valkey,set,104857600,128,SADD_SREM,320,770085.39
Valkey,set,104857600,128,SADD_SREM,1280,852863.09
Valkey,set,104857600,128,SADD_SREM,2560,868027.99
Valkey,set,104857600,128,SADD_SREM,5120,784701.57
Kvrocks,set,104857600,128,SADD_SREM,80,300808.91
Kvrocks,set,104857600,128,SADD_SREM,320,354221.41
Kvrocks,set,104857600,128,SADD_SREM,1280,363203.28
Kvrocks,set,104857600,128,SADD_SREM,2560,354233.14
Kvrocks,set,104857600,128,SADD_SREM,5120,340856.99
Lavik main,set,104857600,128,SADD_SREM,80,4542.9
Lavik main,set,104857600,128,SADD_SREM,320,4790.64
Lavik main,set,104857600,128,SADD_SREM,1280,5652.67
Lavik main,set,104857600,128,SADD_SREM,2560,6958.86
Lavik main,set,104857600,128,SADD_SREM,5120,11852.35
Lavik PR #212,set,104857600,128,SADD_SREM,80,4570.19
Lavik PR #212,set,104857600,128,SADD_SREM,320,4923.49
Lavik PR #212,set,104857600,128,SADD_SREM,1280,5474.68
Lavik PR #212,set,104857600,128,SADD_SREM,2560,7440.43
Lavik PR #212,set,104857600,128,SADD_SREM,5120,10842.18
Redis,set,104857600,128,SMEMBERS,1,2.99
Redis,set,104857600,128,SMEMBERS,4,4.52
Redis,set,104857600,128,SMEMBERS,16,4.33
Valkey,set,104857600,128,SMEMBERS,1,2.49
Valkey,set,104857600,128,SMEMBERS,4,3.61
Valkey,set,104857600,128,SMEMBERS,16,3.81
Kvrocks,set,104857600,128,SMEMBERS,1,2.82
Kvrocks,set,104857600,128,SMEMBERS,4,10.26
Kvrocks,set,104857600,128,SMEMBERS,16,21.19
Lavik main,set,104857600,128,SMEMBERS,1,0.59
Lavik main,set,104857600,128,SMEMBERS,4,2.5
Lavik main,set,104857600,128,SMEMBERS,16,8.45
Lavik PR #212,set,104857600,128,SMEMBERS,1,0.58
Lavik PR #212,set,104857600,128,SMEMBERS,4,2.47
Lavik PR #212,set,104857600,128,SMEMBERS,16,8.49
Redis,set,104857600,1024,SISMEMBER,80,440217.74
Redis,set,104857600,1024,SISMEMBER,320,701632.38
Redis,set,104857600,1024,SISMEMBER,1280,836710.11
Redis,set,104857600,1024,SISMEMBER,2560,878435.08
Redis,set,104857600,1024,SISMEMBER,5120,680444.83
Valkey,set,104857600,1024,SISMEMBER,80,533462.21
Valkey,set,104857600,1024,SISMEMBER,320,679505.34
Valkey,set,104857600,1024,SISMEMBER,1280,723755.06
Valkey,set,104857600,1024,SISMEMBER,2560,872634.31
Valkey,set,104857600,1024,SISMEMBER,5120,564772.79
Kvrocks,set,104857600,1024,SISMEMBER,80,430271.14
Kvrocks,set,104857600,1024,SISMEMBER,320,615184.99
Kvrocks,set,104857600,1024,SISMEMBER,1280,621669.96
Kvrocks,set,104857600,1024,SISMEMBER,2560,595955.6
Kvrocks,set,104857600,1024,SISMEMBER,5120,524783.45
Lavik main,set,104857600,1024,SISMEMBER,80,263589.79
Lavik main,set,104857600,1024,SISMEMBER,320,287760.41
Lavik main,set,104857600,1024,SISMEMBER,1280,222737.2
Lavik main,set,104857600,1024,SISMEMBER,2560,203649.68
Lavik main,set,104857600,1024,SISMEMBER,5120,198930.14
Lavik PR #212,set,104857600,1024,SISMEMBER,80,335724.85
Lavik PR #212,set,104857600,1024,SISMEMBER,320,420995.08
Lavik PR #212,set,104857600,1024,SISMEMBER,1280,301931.38
Lavik PR #212,set,104857600,1024,SISMEMBER,2560,276173.82
Lavik PR #212,set,104857600,1024,SISMEMBER,5120,251323.19
Redis,set,104857600,1024,SADD_SREM,80,436503.29
Redis,set,104857600,1024,SADD_SREM,320,704562.02
Redis,set,104857600,1024,SADD_SREM,1280,843652.71
Redis,set,104857600,1024,SADD_SREM,2560,865280.17
Redis,set,104857600,1024,SADD_SREM,5120,704083.58
Valkey,set,104857600,1024,SADD_SREM,80,503070.48
Valkey,set,104857600,1024,SADD_SREM,320,645920.97
Valkey,set,104857600,1024,SADD_SREM,1280,682870.98
Valkey,set,104857600,1024,SADD_SREM,2560,685762.56
Valkey,set,104857600,1024,SADD_SREM,5120,538387.25
Kvrocks,set,104857600,1024,SADD_SREM,80,282499.46
Kvrocks,set,104857600,1024,SADD_SREM,320,326195.19
Kvrocks,set,104857600,1024,SADD_SREM,1280,340002.84
Kvrocks,set,104857600,1024,SADD_SREM,2560,322595.85
Kvrocks,set,104857600,1024,SADD_SREM,5120,298214.44
Lavik main,set,104857600,1024,SADD_SREM,80,4669.03
Lavik main,set,104857600,1024,SADD_SREM,320,4921.06
Lavik main,set,104857600,1024,SADD_SREM,1280,5959.77
Lavik main,set,104857600,1024,SADD_SREM,2560,7579.95
Lavik main,set,104857600,1024,SADD_SREM,5120,9386.67
Lavik PR #212,set,104857600,1024,SADD_SREM,80,4654.24
Lavik PR #212,set,104857600,1024,SADD_SREM,320,4918.4
Lavik PR #212,set,104857600,1024,SADD_SREM,1280,5907.1
Lavik PR #212,set,104857600,1024,SADD_SREM,2560,7306.2
Lavik PR #212,set,104857600,1024,SADD_SREM,5120,8595.24
Redis,set,104857600,1024,SMEMBERS,1,5.6
Redis,set,104857600,1024,SMEMBERS,4,15.06
Redis,set,104857600,1024,SMEMBERS,16,16.51
Valkey,set,104857600,1024,SMEMBERS,1,3.91
Valkey,set,104857600,1024,SMEMBERS,4,9.27
Valkey,set,104857600,1024,SMEMBERS,16,10.02
Kvrocks,set,104857600,1024,SMEMBERS,1,2.96
Kvrocks,set,104857600,1024,SMEMBERS,4,15.99
Kvrocks,set,104857600,1024,SMEMBERS,16,28.45
Lavik main,set,104857600,1024,SMEMBERS,1,0.58
Lavik main,set,104857600,1024,SMEMBERS,4,2.14
Lavik main,set,104857600,1024,SMEMBERS,16,7.88
Lavik PR #212,set,104857600,1024,SMEMBERS,1,0.57
Lavik PR #212,set,104857600,1024,SMEMBERS,4,2.17
Lavik PR #212,set,104857600,1024,SMEMBERS,16,8.26
