product,run_tag,logical_bytes,field_bytes,operation,connections,qps
Redis,redis,65536,128,xrange,80,272008.5
Redis,redis,65536,128,xrange,320,339381.4
Redis,redis,65536,128,xrange,1280,336295.81
Redis,redis,65536,128,xrange,2560,345283.05
Redis,redis,65536,128,xrange,5120,318777.84
Valkey,valkey,65536,128,xrange,80,401385.01
Valkey,valkey,65536,128,xrange,320,411386.0
Valkey,valkey,65536,128,xrange,1280,254786.72
Valkey,valkey,65536,128,xrange,2560,211563.46
Valkey,valkey,65536,128,xrange,5120,192813.45
Kvrocks,kvrocks,65536,128,xrange,80,469188.3
Kvrocks,kvrocks,65536,128,xrange,320,688016.28
Kvrocks,kvrocks,65536,128,xrange,1280,701568.22
Kvrocks,kvrocks,65536,128,xrange,2560,690643.19
Kvrocks,kvrocks,65536,128,xrange,5120,591484.68
Lavik main,lavik-main9acd-stream-small-20260929,65536,128,xrange,80,273499.78
Lavik main,lavik-main9acd-stream-small-20260929,65536,128,xrange,320,329051.2
Lavik main,lavik-main9acd-stream-small-20260929,65536,128,xrange,1280,235759.23
Lavik main,lavik-main9acd-stream-small-20260929,65536,128,xrange,2560,192332.41
Lavik main,lavik-main9acd-stream-small-20260929,65536,128,xrange,5120,191266.61
Redis,redis,65536,128,xadd_maxlen,80,360508.28
Redis,redis,65536,128,xadd_maxlen,320,499316.31
Redis,redis,65536,128,xadd_maxlen,1280,555347.37
Redis,redis,65536,128,xadd_maxlen,2560,543764.48
Redis,redis,65536,128,xadd_maxlen,5120,502462.98
Valkey,valkey,65536,128,xadd_maxlen,80,406207.03
Valkey,valkey,65536,128,xadd_maxlen,320,528581.52
Valkey,valkey,65536,128,xadd_maxlen,1280,485502.34
Valkey,valkey,65536,128,xadd_maxlen,2560,460558.91
Valkey,valkey,65536,128,xadd_maxlen,5120,538575.28
Kvrocks,kvrocks,65536,128,xadd_maxlen,80,251653.75
Kvrocks,kvrocks,65536,128,xadd_maxlen,320,230313.03
Kvrocks,kvrocks,65536,128,xadd_maxlen,1280,230315.24
Kvrocks,kvrocks,65536,128,xadd_maxlen,2560,214255.22
Kvrocks,kvrocks,65536,128,xadd_maxlen,5120,196252.81
Lavik main,lavik-main9acd-stream-small-20260929,65536,128,xadd_maxlen,80,8875.21
Lavik main,lavik-main9acd-stream-small-20260929,65536,128,xadd_maxlen,320,8635.77
Lavik main,lavik-main9acd-stream-small-20260929,65536,128,xadd_maxlen,1280,9035.29
Lavik main,lavik-main9acd-stream-small-20260929,65536,128,xadd_maxlen,2560,9095.59
Lavik main,lavik-main9acd-stream-small-20260929,65536,128,xadd_maxlen,5120,9494.75
Redis,redis,65536,128,xrange_full,16,7368.0
Redis,redis,65536,128,xrange_full,80,7484.89
Valkey,valkey,65536,128,xrange_full,16,7208.04
Valkey,valkey,65536,128,xrange_full,80,7030.31
Kvrocks,kvrocks,65536,128,xrange_full,16,19813.01
Kvrocks,kvrocks,65536,128,xrange_full,80,32494.75
Lavik main,lavik-main9acd-stream-small-20260929,65536,128,xrange_full,16,4743.55
Lavik main,lavik-main9acd-stream-small-20260929,65536,128,xrange_full,80,3927.44
Redis,redis,65536,1024,xrange,80,281038.14
Redis,redis,65536,1024,xrange,320,357635.01
Redis,redis,65536,1024,xrange,1280,363970.35
Redis,redis,65536,1024,xrange,2560,378477.2
Redis,redis,65536,1024,xrange,5120,330518.28
Valkey,valkey,65536,1024,xrange,80,440367.56
Valkey,valkey,65536,1024,xrange,320,463201.22
Valkey,valkey,65536,1024,xrange,1280,271204.98
Valkey,valkey,65536,1024,xrange,2560,221726.66
Valkey,valkey,65536,1024,xrange,5120,218643.39
Kvrocks,kvrocks,65536,1024,xrange,80,442636.69
Kvrocks,kvrocks,65536,1024,xrange,320,667910.67
Kvrocks,kvrocks,65536,1024,xrange,1280,674335.16
Kvrocks,kvrocks,65536,1024,xrange,2560,661278.32
Kvrocks,kvrocks,65536,1024,xrange,5120,549248.63
Lavik main,lavik-main9acd-stream-small-20260929,65536,1024,xrange,80,288524.92
Lavik main,lavik-main9acd-stream-small-20260929,65536,1024,xrange,320,340530.23
Lavik main,lavik-main9acd-stream-small-20260929,65536,1024,xrange,1280,230754.79
Lavik main,lavik-main9acd-stream-small-20260929,65536,1024,xrange,2560,211155.38
Lavik main,lavik-main9acd-stream-small-20260929,65536,1024,xrange,5120,203142.23
Redis,redis,65536,1024,xadd_maxlen,80,340703.47
Redis,redis,65536,1024,xadd_maxlen,320,423300.22
Redis,redis,65536,1024,xadd_maxlen,1280,460728.14
Redis,redis,65536,1024,xadd_maxlen,2560,447236.84
Redis,redis,65536,1024,xadd_maxlen,5120,364946.03
Valkey,valkey,65536,1024,xadd_maxlen,80,364999.92
Valkey,valkey,65536,1024,xadd_maxlen,320,363150.1
Valkey,valkey,65536,1024,xadd_maxlen,1280,523883.42
Valkey,valkey,65536,1024,xadd_maxlen,2560,341936.7
Valkey,valkey,65536,1024,xadd_maxlen,5120,387801.85
Kvrocks,kvrocks,65536,1024,xadd_maxlen,80,188150.94
Kvrocks,kvrocks,65536,1024,xadd_maxlen,320,203909.23
Kvrocks,kvrocks,65536,1024,xadd_maxlen,1280,208498.58
Kvrocks,kvrocks,65536,1024,xadd_maxlen,2560,197250.77
Kvrocks,kvrocks,65536,1024,xadd_maxlen,5120,196926.46
Lavik main,lavik-main9acd-stream-small-20260929,65536,1024,xadd_maxlen,80,9294.88
Lavik main,lavik-main9acd-stream-small-20260929,65536,1024,xadd_maxlen,320,8655.14
Lavik main,lavik-main9acd-stream-small-20260929,65536,1024,xadd_maxlen,1280,8767.92
Lavik main,lavik-main9acd-stream-small-20260929,65536,1024,xadd_maxlen,2560,9102.86
Lavik main,lavik-main9acd-stream-small-20260929,65536,1024,xadd_maxlen,5120,9302.49
Redis,redis,65536,1024,xrange_full,16,36137.63
Redis,redis,65536,1024,xrange_full,80,32947.03
Valkey,valkey,65536,1024,xrange_full,16,33688.49
Valkey,valkey,65536,1024,xrange_full,80,38093.46
Kvrocks,kvrocks,65536,1024,xrange_full,16,42269.49
Kvrocks,kvrocks,65536,1024,xrange_full,80,44512.1
Lavik main,lavik-main9acd-stream-small-20260929,65536,1024,xrange_full,16,19976.98
Lavik main,lavik-main9acd-stream-small-20260929,65536,1024,xrange_full,80,23974.25
Redis,redis,1048576,128,xrange,80,265993.7
Redis,redis,1048576,128,xrange,320,324430.55
Redis,redis,1048576,128,xrange,1280,331803.95
Redis,redis,1048576,128,xrange,2560,336558.26
Redis,redis,1048576,128,xrange,5120,314299.74
Valkey,valkey,1048576,128,xrange,80,388646.37
Valkey,valkey,1048576,128,xrange,320,403711.38
Valkey,valkey,1048576,128,xrange,1280,228569.18
Valkey,valkey,1048576,128,xrange,2560,216750.38
Valkey,valkey,1048576,128,xrange,5120,188172.43
Kvrocks,kvrocks,1048576,128,xrange,80,464077.25
Kvrocks,kvrocks,1048576,128,xrange,320,675294.09
Kvrocks,kvrocks,1048576,128,xrange,1280,692963.37
Kvrocks,kvrocks,1048576,128,xrange,2560,674217.17
Kvrocks,kvrocks,1048576,128,xrange,5120,571671.15
Lavik main,lavik-main9acd-stream-small-20260929,1048576,128,xrange,80,231553.57
Lavik main,lavik-main9acd-stream-small-20260929,1048576,128,xrange,320,287386.31
Lavik main,lavik-main9acd-stream-small-20260929,1048576,128,xrange,1280,217199.74
Lavik main,lavik-main9acd-stream-small-20260929,1048576,128,xrange,2560,182038.35
Lavik main,lavik-main9acd-stream-small-20260929,1048576,128,xrange,5120,186822.71
Redis,redis,1048576,128,xadd_maxlen,80,358357.03
Redis,redis,1048576,128,xadd_maxlen,320,488080.66
Redis,redis,1048576,128,xadd_maxlen,1280,541729.0
Redis,redis,1048576,128,xadd_maxlen,2560,543305.18
Redis,redis,1048576,128,xadd_maxlen,5120,486656.11
Valkey,valkey,1048576,128,xadd_maxlen,80,464901.87
Valkey,valkey,1048576,128,xadd_maxlen,320,520292.88
Valkey,valkey,1048576,128,xadd_maxlen,1280,441790.13
Valkey,valkey,1048576,128,xadd_maxlen,2560,462231.36
Valkey,valkey,1048576,128,xadd_maxlen,5120,522331.15
Kvrocks,kvrocks,1048576,128,xadd_maxlen,80,192151.72
Kvrocks,kvrocks,1048576,128,xadd_maxlen,320,181471.27
Kvrocks,kvrocks,1048576,128,xadd_maxlen,1280,224017.49
Kvrocks,kvrocks,1048576,128,xadd_maxlen,2560,206892.44
Kvrocks,kvrocks,1048576,128,xadd_maxlen,5120,205519.18
Lavik main,lavik-main9acd-stream-small-20260929,1048576,128,xadd_maxlen,80,8703.99
Lavik main,lavik-main9acd-stream-small-20260929,1048576,128,xadd_maxlen,320,8596.85
Lavik main,lavik-main9acd-stream-small-20260929,1048576,128,xadd_maxlen,1280,9195.25
Lavik main,lavik-main9acd-stream-small-20260929,1048576,128,xadd_maxlen,2560,9478.76
Lavik main,lavik-main9acd-stream-small-20260929,1048576,128,xadd_maxlen,5120,9627.47
Redis,redis,1048576,128,xrange_full,16,425.56
Redis,redis,1048576,128,xrange_full,80,424.08
Valkey,valkey,1048576,128,xrange_full,16,320.18
Valkey,valkey,1048576,128,xrange_full,80,327.49
Kvrocks,kvrocks,1048576,128,xrange_full,16,1437.27
Kvrocks,kvrocks,1048576,128,xrange_full,80,1721.36
Lavik main,lavik-main9acd-stream-small-20260929,1048576,128,xrange_full,16,261.11
Lavik main,lavik-main9acd-stream-small-20260929,1048576,128,xrange_full,80,243.84
Redis,redis,1048576,1024,xrange,80,288178.77
Redis,redis,1048576,1024,xrange,320,346484.03
Redis,redis,1048576,1024,xrange,1280,349674.42
Redis,redis,1048576,1024,xrange,2560,348676.03
Redis,redis,1048576,1024,xrange,5120,302989.27
Valkey,valkey,1048576,1024,xrange,80,417312.14
Valkey,valkey,1048576,1024,xrange,320,436290.64
Valkey,valkey,1048576,1024,xrange,1280,264880.18
Valkey,valkey,1048576,1024,xrange,2560,216619.63
Valkey,valkey,1048576,1024,xrange,5120,212546.87
Kvrocks,kvrocks,1048576,1024,xrange,80,460434.56
Kvrocks,kvrocks,1048576,1024,xrange,320,650731.96
Kvrocks,kvrocks,1048576,1024,xrange,1280,653967.53
Kvrocks,kvrocks,1048576,1024,xrange,2560,622350.0
Kvrocks,kvrocks,1048576,1024,xrange,5120,532941.78
Lavik main,lavik-main9acd-stream-small-20260929,1048576,1024,xrange,80,246664.84
Lavik main,lavik-main9acd-stream-small-20260929,1048576,1024,xrange,320,299619.13
Lavik main,lavik-main9acd-stream-small-20260929,1048576,1024,xrange,1280,212254.81
Lavik main,lavik-main9acd-stream-small-20260929,1048576,1024,xrange,2560,177365.55
Lavik main,lavik-main9acd-stream-small-20260929,1048576,1024,xrange,5120,177494.85
Redis,redis,1048576,1024,xadd_maxlen,80,323760.55
Redis,redis,1048576,1024,xadd_maxlen,320,384930.88
Redis,redis,1048576,1024,xadd_maxlen,1280,419167.55
Redis,redis,1048576,1024,xadd_maxlen,2560,403536.54
Redis,redis,1048576,1024,xadd_maxlen,5120,348860.77
Valkey,valkey,1048576,1024,xadd_maxlen,80,393696.34
Valkey,valkey,1048576,1024,xadd_maxlen,320,348069.27
Valkey,valkey,1048576,1024,xadd_maxlen,1280,342622.46
Valkey,valkey,1048576,1024,xadd_maxlen,2560,443445.6
Valkey,valkey,1048576,1024,xadd_maxlen,5120,352766.78
Kvrocks,kvrocks,1048576,1024,xadd_maxlen,80,157590.16
Kvrocks,kvrocks,1048576,1024,xadd_maxlen,320,194693.65
Kvrocks,kvrocks,1048576,1024,xadd_maxlen,1280,199433.33
Kvrocks,kvrocks,1048576,1024,xadd_maxlen,2560,195442.04
Kvrocks,kvrocks,1048576,1024,xadd_maxlen,5120,197505.72
Lavik main,lavik-main9acd-stream-small-20260929,1048576,1024,xadd_maxlen,80,9708.43
Lavik main,lavik-main9acd-stream-small-20260929,1048576,1024,xadd_maxlen,320,9071.02
Lavik main,lavik-main9acd-stream-small-20260929,1048576,1024,xadd_maxlen,1280,9044.55
Lavik main,lavik-main9acd-stream-small-20260929,1048576,1024,xadd_maxlen,2560,9446.72
Lavik main,lavik-main9acd-stream-small-20260929,1048576,1024,xadd_maxlen,5120,9625.43
Redis,redis,1048576,1024,xrange_full,16,1492.23
Redis,redis,1048576,1024,xrange_full,80,1346.08
Valkey,valkey,1048576,1024,xrange_full,16,779.48
Valkey,valkey,1048576,1024,xrange_full,80,885.2
Kvrocks,kvrocks,1048576,1024,xrange_full,16,2780.47
Kvrocks,kvrocks,1048576,1024,xrange_full,80,2774.87
Lavik main,lavik-main9acd-stream-small-20260929,1048576,1024,xrange_full,16,1125.28
Lavik main,lavik-main9acd-stream-small-20260929,1048576,1024,xrange_full,80,1669.71
