product,type,logical_bytes,keys,field_bytes,operation,connections,qps
Kvrocks,hash,1048576,256,128,HSET,80,359146.12
Kvrocks,hash,1048576,256,128,HSET,320,348846.72
Kvrocks,hash,1048576,256,128,HSET,1280,409232.93
Kvrocks,hash,1048576,256,128,HSET,2560,415518.79
Kvrocks,hash,1048576,256,128,HSET,5120,325863.85
Kvrocks,hash,1048576,256,1024,HSET,80,304509.66
Kvrocks,hash,1048576,256,1024,HSET,320,339216.57
Kvrocks,hash,1048576,256,1024,HSET,1280,354390.6
Kvrocks,hash,1048576,256,1024,HSET,2560,356815.93
Kvrocks,hash,1048576,256,1024,HSET,5120,312084.8
Kvrocks,set,1048576,256,128,SADD_SREM,80,396609.87
Kvrocks,set,1048576,256,128,SADD_SREM,320,434879.01
Kvrocks,set,1048576,256,128,SADD_SREM,1280,395912.07
Kvrocks,set,1048576,256,128,SADD_SREM,2560,434831.7
Kvrocks,set,1048576,256,128,SADD_SREM,5120,406085.19
Kvrocks,set,1048576,256,1024,SADD_SREM,80,334994.21
Kvrocks,set,1048576,256,1024,SADD_SREM,320,363147.74
Kvrocks,set,1048576,256,1024,SADD_SREM,1280,367783.41
Kvrocks,set,1048576,256,1024,SADD_SREM,2560,317882.24
Kvrocks,set,1048576,256,1024,SADD_SREM,5120,355098.81
Lavik main,hash,1048576,256,128,HSET,80,29664.41
Lavik main,hash,1048576,256,128,HSET,320,19215.04
Lavik main,hash,1048576,256,128,HSET,1280,18138.55
Lavik main,hash,1048576,256,128,HSET,2560,18911.3
Lavik main,hash,1048576,256,128,HSET,5120,19572.51
Lavik main,hash,1048576,256,1024,HSET,80,29670.27
Lavik main,hash,1048576,256,1024,HSET,320,19787.18
Lavik main,hash,1048576,256,1024,HSET,1280,18266.82
Lavik main,hash,1048576,256,1024,HSET,2560,18336.55
Lavik main,hash,1048576,256,1024,HSET,5120,19500.8
Lavik main,set,1048576,256,128,SADD_SREM,80,50854.9
Lavik main,set,1048576,256,128,SADD_SREM,320,36083.35
Lavik main,set,1048576,256,128,SADD_SREM,1280,35300.65
Lavik main,set,1048576,256,128,SADD_SREM,2560,36613.64
Lavik main,set,1048576,256,128,SADD_SREM,5120,37430.46
Lavik main,set,1048576,256,1024,SADD_SREM,80,53645.1
Lavik main,set,1048576,256,1024,SADD_SREM,320,36348.17
Lavik main,set,1048576,256,1024,SADD_SREM,1280,37782.96
Lavik main,set,1048576,256,1024,SADD_SREM,2560,36778.62
Lavik main,set,1048576,256,1024,SADD_SREM,5120,38530.84
Redis,hash,1048576,256,128,HSET,80,449645.81
Redis,hash,1048576,256,128,HSET,320,733265.62
Redis,hash,1048576,256,128,HSET,1280,847026.04
Redis,hash,1048576,256,128,HSET,2560,836094.77
Redis,hash,1048576,256,128,HSET,5120,629303.05
Redis,hash,1048576,256,1024,HSET,80,444651.09
Redis,hash,1048576,256,1024,HSET,320,697998.43
Redis,hash,1048576,256,1024,HSET,1280,782031.08
Redis,hash,1048576,256,1024,HSET,2560,697343.59
Redis,hash,1048576,256,1024,HSET,5120,548385.9
Redis,set,1048576,256,128,SADD_SREM,80,436197.48
Redis,set,1048576,256,128,SADD_SREM,320,772569.67
Redis,set,1048576,256,128,SADD_SREM,1280,969858.21
Redis,set,1048576,256,128,SADD_SREM,2560,998439.02
Redis,set,1048576,256,128,SADD_SREM,5120,820061.62
Redis,set,1048576,256,1024,SADD_SREM,80,434863.95
Redis,set,1048576,256,1024,SADD_SREM,320,708606.76
Redis,set,1048576,256,1024,SADD_SREM,1280,837847.17
Redis,set,1048576,256,1024,SADD_SREM,2560,851040.76
Redis,set,1048576,256,1024,SADD_SREM,5120,686775.85
Valkey,hash,1048576,256,128,HSET,80,581638.86
Valkey,hash,1048576,256,128,HSET,320,699894.68
Valkey,hash,1048576,256,128,HSET,1280,722164.19
Valkey,hash,1048576,256,128,HSET,2560,756405.92
Valkey,hash,1048576,256,128,HSET,5120,500678.68
Valkey,hash,1048576,256,1024,HSET,80,550764.94
Valkey,hash,1048576,256,1024,HSET,320,657428.06
Valkey,hash,1048576,256,1024,HSET,1280,658447.07
Valkey,hash,1048576,256,1024,HSET,2560,561096.68
Valkey,hash,1048576,256,1024,HSET,5120,518436.42
Valkey,set,1048576,256,128,SADD_SREM,80,569316.89
Valkey,set,1048576,256,128,SADD_SREM,320,746910.56
Valkey,set,1048576,256,128,SADD_SREM,1280,833218.66
Valkey,set,1048576,256,128,SADD_SREM,2560,840976.69
Valkey,set,1048576,256,128,SADD_SREM,5120,659019.49
Valkey,set,1048576,256,1024,SADD_SREM,80,575406.48
Valkey,set,1048576,256,1024,SADD_SREM,320,633962.73
Valkey,set,1048576,256,1024,SADD_SREM,1280,754202.61
Valkey,set,1048576,256,1024,SADD_SREM,2560,663289.7
Valkey,set,1048576,256,1024,SADD_SREM,5120,510622.49
