product,operation,connections,qps,error
Redis,ZINCRBY,80,407552.74,
Redis,ZINCRBY,320,619681.02,
Redis,ZINCRBY,1280,698938.84,
Redis,ZINCRBY,2560,667804.76,
Redis,ZINCRBY,5120,572695.68,
Redis,ZRANGE,16,2824.91,
Redis,ZRANGE,80,2822.98,
Redis,ZSCORE,80,427757.64,
Redis,ZSCORE,320,662968.72,
Redis,ZSCORE,1280,800531.35,
Redis,ZSCORE,2560,777530.22,
Redis,ZSCORE,5120,640054.53,
Valkey,ZINCRBY,80,490731.69,
Valkey,ZINCRBY,320,566125.8,
Valkey,ZINCRBY,1280,630301.07,
Valkey,ZINCRBY,2560,723170.45,
Valkey,ZINCRBY,5120,479021.49,
Valkey,ZRANGE,16,1401.19,
Valkey,ZRANGE,80,1035.37,
Valkey,ZSCORE,80,494739.9,
Valkey,ZSCORE,320,653938.62,
Valkey,ZSCORE,1280,824606.62,
Valkey,ZSCORE,2560,794254.42,
Valkey,ZSCORE,5120,480912.82,
Kvrocks,ZINCRBY,80,181760.71,
Kvrocks,ZINCRBY,320,190217.08,
Kvrocks,ZINCRBY,1280,203900.37,
Kvrocks,ZINCRBY,2560,209679.63,
Kvrocks,ZINCRBY,5120,191287.49,
Kvrocks,ZRANGE,16,2826.64,
Kvrocks,ZRANGE,80,2819.09,
Kvrocks,ZSCORE,80,468685.32,
Kvrocks,ZSCORE,320,683011.12,
Kvrocks,ZSCORE,1280,693106.78,
Kvrocks,ZSCORE,2560,653510.41,
Kvrocks,ZSCORE,5120,555723.95,
Lavik main 6111d0b1,ZINCRBY,80,42906.83,
Lavik main 6111d0b1,ZINCRBY,320,55421.07,
Lavik main 6111d0b1,ZINCRBY,1280,59100.7,
Lavik main 6111d0b1,ZINCRBY,2560,60105.12,
Lavik main 6111d0b1,ZINCRBY,5120,59630.81,
Lavik main 6111d0b1,ZRANGE,16,1953.31,
Lavik main 6111d0b1,ZRANGE,80,2814.38,
Lavik main 6111d0b1,ZSCORE,80,361193.43,
Lavik main 6111d0b1,ZSCORE,320,465151.04,
Lavik main 6111d0b1,ZSCORE,1280,322792.58,
Lavik main 6111d0b1,ZSCORE,2560,293894.43,
Lavik main 6111d0b1,ZSCORE,5120,283237.66,
Lavik PR #246 199b08e0,ZINCRBY,80,41618.26,
Lavik PR #246 199b08e0,ZINCRBY,320,56057.73,
Lavik PR #246 199b08e0,ZINCRBY,1280,56922.22,
Lavik PR #246 199b08e0,ZINCRBY,2560,57428.81,
Lavik PR #246 199b08e0,ZINCRBY,5120,56352.45,
Lavik PR #246 199b08e0,ZRANGE,16,2031.97,
Lavik PR #246 199b08e0,ZRANGE,80,2822.24,
Lavik PR #246 199b08e0,ZSCORE,80,373511.4,
Lavik PR #246 199b08e0,ZSCORE,320,493028.44,
Lavik PR #246 199b08e0,ZSCORE,1280,331741.18,
Lavik PR #246 199b08e0,ZSCORE,2560,303745.11,
Lavik PR #246 199b08e0,ZSCORE,5120,281326.55,
