system,command,connections,qps,p50_ms,p99_ms,p999_ms,requests,seconds,raw,binary_sha256,error
lavik,ZADD_HEAD_ZPOPMAX,80,9893.76983485,5.05305,35.109554,47.926402,297112,30,raw/lavik-mainc55e52c9-mixed-zset-8388608-zadd_head_zpopmax-c80-20261008,440f66d53e8e643327ca5e592d46010cc3ee1f2126e095c84f80241a01de7377,
lavik,ZADD_HEAD_ZPOPMAX,320,9957.34433309,21.860958,120.089254,141.07992,299404,30,raw/lavik-mainc55e52c9-mixed-zset-8388608-zadd_head_zpopmax-c320-20261008,440f66d53e8e643327ca5e592d46010cc3ee1f2126e095c84f80241a01de7377,
lavik,ZADD_HEAD_ZPOPMAX,1280,9791.26697594,119.40591,349.649989,367.757321,296394,30,raw/lavik-mainc55e52c9-mixed-zset-8388608-zadd_head_zpopmax-c1280-20261008,440f66d53e8e643327ca5e592d46010cc3ee1f2126e095c84f80241a01de7377,
lavik,ZADD_HEAD_ZPOPMAX,2560,9705.16597833,205.724579,666.327965,706.631267,296929,30,raw/lavik-mainc55e52c9-mixed-zset-8388608-zadd_head_zpopmax-c2560-20261008,440f66d53e8e643327ca5e592d46010cc3ee1f2126e095c84f80241a01de7377,
redis,ZADD_HEAD_ZPOPMAX,80,372261.996281,0.20422,0.432467,0.504965,11167986,30,raw/redis-mainc55e52c9-mixed-zset-8388608-zadd_head_zpopmax-c80-20261008,91bc016e933b716b41226bf8958576a51bca2403f68d9f26a7d6f7d94ebb3ffe,
redis,ZADD_HEAD_ZPOPMAX,320,488860.398653,0.651074,1.111446,1.379641,14666210,30,raw/redis-mainc55e52c9-mixed-zset-8388608-zadd_head_zpopmax-c320-20261008,91bc016e933b716b41226bf8958576a51bca2403f68d9f26a7d6f7d94ebb3ffe,
redis,ZADD_HEAD_ZPOPMAX,1280,506709.536098,2.525368,3.206877,4.510094,15202343,30,raw/redis-mainc55e52c9-mixed-zset-8388608-zadd_head_zpopmax-c1280-20261008,91bc016e933b716b41226bf8958576a51bca2403f68d9f26a7d6f7d94ebb3ffe,
redis,ZADD_HEAD_ZPOPMAX,2560,464202.614634,5.502994,6.843343,9.206668,13928088,30,raw/redis-mainc55e52c9-mixed-zset-8388608-zadd_head_zpopmax-c2560-20261008,91bc016e933b716b41226bf8958576a51bca2403f68d9f26a7d6f7d94ebb3ffe,
valkey,ZADD_HEAD_ZPOPMAX,80,408463.969051,0.18745,0.338416,0.61519,12254057,30,raw/valkey-mainc55e52c9-mixed-zset-8388608-zadd_head_zpopmax-c80-20261008,a44b46cd7eeaf3409c38f9ee3a9f8db2488acadf1224fc9e51580aaeb651afea,
valkey,ZADD_HEAD_ZPOPMAX,320,482955.814895,0.665455,1.291762,2.451435,14489009,30,raw/valkey-mainc55e52c9-mixed-zset-8388608-zadd_head_zpopmax-c320-20261008,a44b46cd7eeaf3409c38f9ee3a9f8db2488acadf1224fc9e51580aaeb651afea,
valkey,ZADD_HEAD_ZPOPMAX,1280,500393.33888,2.202043,6.927508,11.784589,15013262,30,raw/valkey-mainc55e52c9-mixed-zset-8388608-zadd_head_zpopmax-c1280-20261008,a44b46cd7eeaf3409c38f9ee3a9f8db2488acadf1224fc9e51580aaeb651afea,
valkey,ZADD_HEAD_ZPOPMAX,2560,485220.28893,5.145478,7.054081,26.037187,14558567,30,raw/valkey-mainc55e52c9-mixed-zset-8388608-zadd_head_zpopmax-c2560-20261008,a44b46cd7eeaf3409c38f9ee3a9f8db2488acadf1224fc9e51580aaeb651afea,
kvrocks,ZADD_HEAD_ZPOPMAX,80,2743.77336651,23.09449,110.012402,148.025967,82500,30,raw/kvrocks-mainc55e52c9-mixed-zset-8388608-zadd_head_zpopmax-c80-20261008,e1b91029b6e1ac74034c946428345ce853a9ee5d1b3c851249efdf3d3a5b734f,
kvrocks,ZADD_HEAD_ZPOPMAX,320,2842.88758603,101.649553,314.156032,386.688073,85830,30,raw/kvrocks-mainc55e52c9-mixed-zset-8388608-zadd_head_zpopmax-c320-20261008,e1b91029b6e1ac74034c946428345ce853a9ee5d1b3c851249efdf3d3a5b734f,
kvrocks,ZADD_HEAD_ZPOPMAX,1280,2798.0248951,431.104628,1076.13527,1147.052123,85569,30,raw/kvrocks-mainc55e52c9-mixed-zset-8388608-zadd_head_zpopmax-c1280-20261008,e1b91029b6e1ac74034c946428345ce853a9ee5d1b3c851249efdf3d3a5b734f,
kvrocks,ZADD_HEAD_ZPOPMAX,2560,2733.15391524,901.641547,2136.019458,2823.875156,85364,30,raw/kvrocks-mainc55e52c9-mixed-zset-8388608-zadd_head_zpopmax-c2560-20261008,e1b91029b6e1ac74034c946428345ce853a9ee5d1b3c851249efdf3d3a5b734f,
