round,version,kind,size,operation,qps,p99_ms,requests,raw
1,main,list,8388608,LPUSH_RPOP,11900.8087407,117.404087,357714,../../raw/lavik-mainc55e52c9-pr289-list-8388608-lpush_rpop-r1-20261008
1,pr289,list,8388608,LPUSH_RPOP,45602.9189814,32.439214,1368795,../../raw/lavik-pr289c8f128dc-pr289-list-8388608-lpush_rpop-r1-20261008
1,main,list,8388608,RPUSH_LPOP,54186.3417406,22.581505,1625974,../../raw/lavik-mainc55e52c9-pr289-list-8388608-rpush_lpop-r1-20261008
1,pr289,list,8388608,RPUSH_LPOP,45874.4433623,59.449949,1376542,../../raw/lavik-pr289c8f128dc-pr289-list-8388608-rpush_lpop-r1-20261008
1,main,zset,8388608,ZRANK,1250.6102254,960.747453,37982,../../raw/lavik-mainc55e52c9-pr289-zset-8388608-zrank-r1-20261008
1,pr289,zset,8388608,ZRANK,242853.571922,4.23838,7286003,../../raw/lavik-pr289c8f128dc-pr289-zset-8388608-zrank-r1-20261008
1,main,zset,8388608,ZREVRANK,1367.33482895,1545.495314,41824,../../raw/lavik-mainc55e52c9-pr289-zset-8388608-zrevrank-r1-20261008
1,pr289,zset,8388608,ZREVRANK,247321.119471,4.076246,7419991,../../raw/lavik-pr289c8f128dc-pr289-zset-8388608-zrevrank-r1-20261008
1,main,list,104857600,LPUSH_RPOP,5533.1529241,217.428455,166705,../../raw/lavik-mainc55e52c9-pr289-list-104857600-lpush_rpop-r1-20261008
1,pr289,list,104857600,LPUSH_RPOP,49257.6061718,27.430252,1478575,../../raw/lavik-pr289c8f128dc-pr289-list-104857600-lpush_rpop-r1-20261008
1,main,list,104857600,RPUSH_LPOP,23304.1564784,48.944991,699753,../../raw/lavik-mainc55e52c9-pr289-list-104857600-rpush_lpop-r1-20261008
1,pr289,list,104857600,RPUSH_LPOP,57408.7994217,21.006177,1723052,../../raw/lavik-pr289c8f128dc-pr289-list-104857600-rpush_lpop-r1-20261008
1,main,zset,104857600,ZRANK,86.9933276892,14271.036736,3094,../../raw/lavik-mainc55e52c9-pr289-zset-104857600-zrank-r1-20261008
1,pr289,zset,104857600,ZRANK,222383.408548,4.783753,6671983,../../raw/lavik-pr289c8f128dc-pr289-zset-104857600-zrank-r1-20261008
1,main,zset,104857600,ZREVRANK,92.297397029,9499.713369,3174,../../raw/lavik-mainc55e52c9-pr289-zset-104857600-zrevrank-r1-20261008
1,pr289,zset,104857600,ZREVRANK,221534.058005,4.824484,6646302,../../raw/lavik-pr289c8f128dc-pr289-zset-104857600-zrevrank-r1-20261008
2,pr289,list,8388608,LPUSH_RPOP,45958.5766605,30.498817,1379288,../../raw/lavik-pr289c8f128dc-pr289-list-8388608-lpush_rpop-r2-20261008
2,main,list,8388608,LPUSH_RPOP,11980.5661812,121.30512,360474,../../raw/lavik-mainc55e52c9-pr289-list-8388608-lpush_rpop-r2-20261008
2,pr289,list,8388608,RPUSH_LPOP,56833.8849241,20.858236,1705674,../../raw/lavik-pr289c8f128dc-pr289-list-8388608-rpush_lpop-r2-20261008
2,main,list,8388608,RPUSH_LPOP,54550.2329643,22.848056,1637446,../../raw/lavik-mainc55e52c9-pr289-list-8388608-rpush_lpop-r2-20261008
2,pr289,zset,8388608,ZRANK,240409.165583,4.543055,7212645,../../raw/lavik-pr289c8f128dc-pr289-zset-8388608-zrank-r2-20261008
2,main,zset,8388608,ZRANK,1233.70616566,1207.311793,37536,../../raw/lavik-mainc55e52c9-pr289-zset-8388608-zrank-r2-20261008
2,pr289,zset,8388608,ZREVRANK,236713.076461,4.608887,7101996,../../raw/lavik-pr289c8f128dc-pr289-zset-8388608-zrevrank-r2-20261008
2,main,zset,8388608,ZREVRANK,1402.45005965,1216.424363,42731,../../raw/lavik-mainc55e52c9-pr289-zset-8388608-zrevrank-r2-20261008
2,pr289,list,104857600,LPUSH_RPOP,49175.740308,26.982294,1475793,../../raw/lavik-pr289c8f128dc-pr289-list-104857600-lpush_rpop-r2-20261008
2,main,list,104857600,LPUSH_RPOP,5567.17904937,177.031796,167901,../../raw/lavik-mainc55e52c9-pr289-list-104857600-lpush_rpop-r2-20261008
2,pr289,list,104857600,RPUSH_LPOP,48671.7076966,54.431449,1460692,../../raw/lavik-pr289c8f128dc-pr289-list-104857600-rpush_lpop-r2-20261008
2,main,list,104857600,RPUSH_LPOP,23338.9522948,47.837027,700732,../../raw/lavik-mainc55e52c9-pr289-list-104857600-rpush_lpop-r2-20261008
2,pr289,zset,104857600,ZRANK,222097.291851,4.772623,6663441,../../raw/lavik-pr289c8f128dc-pr289-zset-104857600-zrank-r2-20261008
2,main,zset,104857600,ZRANK,94.4628147144,9479.731148,3200,../../raw/lavik-mainc55e52c9-pr289-zset-104857600-zrank-r2-20261008
2,pr289,zset,104857600,ZREVRANK,224978.371278,4.600834,6749687,../../raw/lavik-pr289c8f128dc-pr289-zset-104857600-zrevrank-r2-20261008
2,main,zset,104857600,ZREVRANK,90.7706883822,8797.800844,3163,../../raw/lavik-mainc55e52c9-pr289-zset-104857600-zrevrank-r2-20261008
3,main,list,8388608,LPUSH_RPOP,12301.6580573,122.717747,370123,../../raw/lavik-mainc55e52c9-pr289-list-8388608-lpush_rpop-r3-20261008
3,pr289,list,8388608,LPUSH_RPOP,45907.1991794,30.921896,1378123,../../raw/lavik-pr289c8f128dc-pr289-list-8388608-lpush_rpop-r3-20261008
3,main,list,8388608,RPUSH_LPOP,54419.0495325,21.577975,1633167,../../raw/lavik-mainc55e52c9-pr289-list-8388608-rpush_lpop-r3-20261008
3,pr289,list,8388608,RPUSH_LPOP,26849.482183,101.147879,806646,../../raw/lavik-pr289c8f128dc-pr289-list-8388608-rpush_lpop-r3-20261008
3,main,zset,8388608,ZRANK,1230.25634174,1112.771432,37397,../../raw/lavik-mainc55e52c9-pr289-zset-8388608-zrank-r3-20261008
3,pr289,zset,8388608,ZRANK,241374.86631,4.260139,7241702,../../raw/lavik-pr289c8f128dc-pr289-zset-8388608-zrank-r3-20261008
3,main,zset,8388608,ZREVRANK,1333.02777097,1640.029061,40870,../../raw/lavik-mainc55e52c9-pr289-zset-8388608-zrevrank-r3-20261008
3,pr289,zset,8388608,ZREVRANK,248987.778541,4.062926,7469957,../../raw/lavik-pr289c8f128dc-pr289-zset-8388608-zrevrank-r3-20261008
3,main,list,104857600,LPUSH_RPOP,5540.26574691,183.896632,167082,../../raw/lavik-mainc55e52c9-pr289-list-104857600-lpush_rpop-r3-20261008
3,pr289,list,104857600,LPUSH_RPOP,48024.4569469,27.945381,1479270,../../raw/lavik-pr289c8f128dc-pr289-list-104857600-lpush_rpop-r3-20261008
3,main,list,104857600,RPUSH_LPOP,23336.0743354,48.083605,700758,../../raw/lavik-mainc55e52c9-pr289-list-104857600-rpush_lpop-r3-20261008
3,pr289,list,104857600,RPUSH_LPOP,52442.5662887,26.217117,1574240,../../raw/lavik-pr289c8f128dc-pr289-list-104857600-rpush_lpop-r3-20261008
3,main,zset,104857600,ZRANK,94.0634316582,8966.453457,3214,../../raw/lavik-mainc55e52c9-pr289-zset-104857600-zrank-r3-20261008
3,pr289,zset,104857600,ZRANK,221063.056054,4.80539,6632373,../../raw/lavik-pr289c8f128dc-pr289-zset-104857600-zrank-r3-20261008
3,main,zset,104857600,ZREVRANK,95.2560335027,8495.621893,3141,../../raw/lavik-mainc55e52c9-pr289-zset-104857600-zrevrank-r3-20261008
3,pr289,zset,104857600,ZREVRANK,219210.114988,4.766407,6576752,../../raw/lavik-pr289c8f128dc-pr289-zset-104857600-zrevrank-r3-20261008
